-- MySQL dump 10.13  Distrib 8.0.31, for Win64 (x86_64)
--
-- Host: 172.16.18.123    Database: vehicle
-- ------------------------------------------------------
-- Server version	8.0.32

/*!40101 SET @OLD_CHARACTER_SET_CLIENT=@@CHARACTER_SET_CLIENT */;
/*!40101 SET @OLD_CHARACTER_SET_RESULTS=@@CHARACTER_SET_RESULTS */;
/*!40101 SET @OLD_COLLATION_CONNECTION=@@COLLATION_CONNECTION */;
/*!50503 SET NAMES utf8mb4 */;
/*!40103 SET @OLD_TIME_ZONE=@@TIME_ZONE */;
/*!40103 SET TIME_ZONE='+00:00' */;
/*!40014 SET @OLD_UNIQUE_CHECKS=@@UNIQUE_CHECKS, UNIQUE_CHECKS=0 */;
/*!40014 SET @OLD_FOREIGN_KEY_CHECKS=@@FOREIGN_KEY_CHECKS, FOREIGN_KEY_CHECKS=0 */;
/*!40101 SET @OLD_SQL_MODE=@@SQL_MODE, SQL_MODE='NO_AUTO_VALUE_ON_ZERO' */;
/*!40111 SET @OLD_SQL_NOTES=@@SQL_NOTES, SQL_NOTES=0 */;

--
-- Table structure for table `deploy_download_task`
--

DROP TABLE IF EXISTS `deploy_download_task`;
/*!40101 SET @saved_cs_client     = @@character_set_client */;
/*!50503 SET character_set_client = utf8mb4 */;
CREATE TABLE `deploy_download_task` (
  `id` int NOT NULL AUTO_INCREMENT,
  `package` varchar(200) COLLATE utf8mb4_general_ci DEFAULT NULL COMMENT '构建后的包名',
  `file_dir` varchar(200) COLLATE utf8mb4_general_ci DEFAULT NULL COMMENT '版本文件解压后的地址',
  `state` int DEFAULT '0' COMMENT '0: 准备中, 1: 下载中, 2: 下载完成, 3: 下载失败, 4: 解压中, 5: 解压成功, 6: 解压失败',
  `create_time` datetime DEFAULT CURRENT_TIMESTAMP,
  `update_time` datetime DEFAULT CURRENT_TIMESTAMP,
  `desc` varchar(100) COLLATE utf8mb4_general_ci DEFAULT NULL COMMENT '描述',
  PRIMARY KEY (`id`)
) ENGINE=InnoDB AUTO_INCREMENT=5 DEFAULT CHARSET=utf8mb4 COLLATE=utf8mb4_general_ci COMMENT='下载任务';
/*!40101 SET character_set_client = @saved_cs_client */;

--
-- Dumping data for table `deploy_download_task`
--

LOCK TABLES `deploy_download_task` WRITE;
/*!40000 ALTER TABLE `deploy_download_task` DISABLE KEYS */;
INSERT INTO `deploy_download_task` VALUES (1,'HWL4_X86-20230607-153750-v1.0.27.tar.gz','/home/extract/HWL4_X86-20230607-153750-v1.0.27',1,'2023-06-28 06:37:25','2023-06-28 06:37:53',NULL),(2,'HWL4_ORIN-20230607-144907-v0.1.15.tar.gz','/home/extract/HWL4_ORIN-20230607-144907-v0.1.15',1,'2023-06-28 08:51:40','2023-06-28 08:52:09',NULL),(3,'HWL4_ORIN-20230607-100956-v0.1.14.tar.gz','/home/extract/HWL4_ORIN-20230607-100956-v0.1.14',1,'2023-06-28 09:01:25','2023-06-28 09:01:55',NULL),(4,'HWL4_ORIN-20230627-181033-v0.1.35.tar.gz','/home/extract/HWL4_ORIN-20230627-181033-v0.1.35',1,'2023-06-28 09:10:48','2023-06-28 09:11:10',NULL);
/*!40000 ALTER TABLE `deploy_download_task` ENABLE KEYS */;
UNLOCK TABLES;

--
-- Table structure for table `deploy_project`
--

DROP TABLE IF EXISTS `deploy_project`;
/*!40101 SET @saved_cs_client     = @@character_set_client */;
/*!50503 SET character_set_client = utf8mb4 */;
CREATE TABLE `deploy_project` (
  `id` int NOT NULL AUTO_INCREMENT,
  `name` varchar(100) CHARACTER SET utf8mb4 COLLATE utf8mb4_general_ci DEFAULT NULL COMMENT '集成项目名称',
  `platform` varchar(50) CHARACTER SET utf8mb4 COLLATE utf8mb4_general_ci DEFAULT NULL COMMENT '平台',
  `artifacts_url` varchar(300) CHARACTER SET utf8mb4 COLLATE utf8mb4_general_ci DEFAULT NULL COMMENT 'artifactory的url',
  `vehicles` text CHARACTER SET utf8mb4 COLLATE utf8mb4_general_ci COMMENT '该集成项目下的车辆名称,逗号分隔',
  `create_time` datetime DEFAULT CURRENT_TIMESTAMP,
  `desc` varchar(100) CHARACTER SET utf8mb4 COLLATE utf8mb4_general_ci DEFAULT NULL COMMENT '描述',
  PRIMARY KEY (`id`)
) ENGINE=InnoDB AUTO_INCREMENT=3 DEFAULT CHARSET=utf8mb4 COLLATE=utf8mb4_general_ci COMMENT='集成项目';
/*!40101 SET character_set_client = @saved_cs_client */;

--
-- Dumping data for table `deploy_project`
--

LOCK TABLES `deploy_project` WRITE;
/*!40000 ALTER TABLE `deploy_project` DISABLE KEYS */;
INSERT INTO `deploy_project` VALUES (1,'HWL4_X86','X86','HWL4_X86/cicd','J7A01,J7A02','2023-06-14 07:50:58',NULL),(2,'HWL4_ORIN','ORIN','HWL4_ORIN/cicd','J7A03,J7A04','2023-06-14 07:50:58',NULL);
/*!40000 ALTER TABLE `deploy_project` ENABLE KEYS */;
UNLOCK TABLES;

--
-- Table structure for table `deploy_task_group`
--

DROP TABLE IF EXISTS `deploy_task_group`;
/*!40101 SET @saved_cs_client     = @@character_set_client */;
/*!50503 SET character_set_client = utf8mb4 */;
CREATE TABLE `deploy_task_group` (
  `id` int NOT NULL AUTO_INCREMENT,
  `project` int DEFAULT NULL COMMENT '所属集成项目',
  `creator` varchar(100) COLLATE utf8mb4_general_ci DEFAULT NULL COMMENT '创建人',
  `vehicles` text COLLATE utf8mb4_general_ci COMMENT '所选的车辆名称',
  `packages` text COLLATE utf8mb4_general_ci COMMENT '所选的包名称',
  `cur_package` varchar(200) COLLATE utf8mb4_general_ci DEFAULT NULL COMMENT '需要设置为当前的包名',
  `create_time` datetime DEFAULT CURRENT_TIMESTAMP,
  `update_time` datetime DEFAULT CURRENT_TIMESTAMP,
  `desc` varchar(100) COLLATE utf8mb4_general_ci DEFAULT NULL COMMENT '描述',
  PRIMARY KEY (`id`)
) ENGINE=InnoDB AUTO_INCREMENT=6 DEFAULT CHARSET=utf8mb4 COLLATE=utf8mb4_general_ci COMMENT='升级任务组';
/*!40101 SET character_set_client = @saved_cs_client */;

--
-- Dumping data for table `deploy_task_group`
--

LOCK TABLES `deploy_task_group` WRITE;
/*!40000 ALTER TABLE `deploy_task_group` DISABLE KEYS */;
INSERT INTO `deploy_task_group` VALUES (1,1,'1','J7A01','HWL4_X86-20230607-153750-v1.0.27.tar.gz,','','2023-06-28 06:37:25','2023-06-28 06:37:25',NULL),(2,2,'1','J7A03','HWL4_ORIN-20230607-144907-v0.1.15.tar.gz,','','2023-06-28 08:51:40','2023-06-28 08:51:40',NULL),(3,1,'1','J7A01',',HWL4_X86-20230612-190037-v1.0.32.tar.gz','','2023-06-28 08:52:40','2023-06-28 08:52:40',NULL),(4,2,'1','J7A03','HWL4_ORIN-20230607-100956-v0.1.14.tar.gz,','','2023-06-28 09:01:25','2023-06-28 09:01:25',NULL),(5,2,'1','J7A03','HWL4_ORIN-20230627-181033-v0.1.35.tar.gz,','','2023-06-28 09:10:47','2023-06-28 09:10:47',NULL);
/*!40000 ALTER TABLE `deploy_task_group` ENABLE KEYS */;
UNLOCK TABLES;

--
-- Table structure for table `deploy_task_state`
--

DROP TABLE IF EXISTS `deploy_task_state`;
/*!40101 SET @saved_cs_client     = @@character_set_client */;
/*!50503 SET character_set_client = utf8mb4 */;
CREATE TABLE `deploy_task_state` (
  `id` int NOT NULL AUTO_INCREMENT,
  `state` int NOT NULL,
  `name` varchar(100) CHARACTER SET utf8mb4 COLLATE utf8mb4_general_ci DEFAULT NULL,
  PRIMARY KEY (`id`)
) ENGINE=InnoDB AUTO_INCREMENT=8 DEFAULT CHARSET=utf8mb4 COLLATE=utf8mb4_general_ci COMMENT='升级任务状态';
/*!40101 SET character_set_client = @saved_cs_client */;

--
-- Dumping data for table `deploy_task_state`
--

LOCK TABLES `deploy_task_state` WRITE;
/*!40000 ALTER TABLE `deploy_task_state` DISABLE KEYS */;
INSERT INTO `deploy_task_state` VALUES (1,0,'准备中'),(2,1,'已就绪'),(3,2,'进行中'),(4,3,'等待中'),(5,4,'成功'),(6,5,'失败'),(7,6,'已取消');
/*!40000 ALTER TABLE `deploy_task_state` ENABLE KEYS */;
UNLOCK TABLES;

--
-- Table structure for table `deploy_upgrade_task`
--

DROP TABLE IF EXISTS `deploy_upgrade_task`;
/*!40101 SET @saved_cs_client     = @@character_set_client */;
/*!50503 SET character_set_client = utf8mb4 */;
CREATE TABLE `deploy_upgrade_task` (
  `id` int NOT NULL AUTO_INCREMENT,
  `group` int DEFAULT NULL COMMENT '所属任务组',
  `vehicle` varchar(100) COLLATE utf8mb4_general_ci DEFAULT NULL COMMENT '车辆名称',
  `package` varchar(200) COLLATE utf8mb4_general_ci DEFAULT NULL COMMENT '构建后的包名',
  `package_type` int DEFAULT '0' COMMENT '包的来源, 0: artifacts中的包, 1: 车端的包',
  `set_current` int DEFAULT '0' COMMENT '是否设置为当前版本, 0: 否, 1: 是',
  `file_dir` varchar(200) COLLATE utf8mb4_general_ci DEFAULT NULL COMMENT '版本文件解压后的地址',
  `state` int DEFAULT '0',
  `progress` float DEFAULT NULL COMMENT '进度',
  `create_time` datetime DEFAULT CURRENT_TIMESTAMP,
  `update_time` datetime DEFAULT CURRENT_TIMESTAMP,
  `desc` varchar(100) COLLATE utf8mb4_general_ci DEFAULT NULL COMMENT '描述',
  PRIMARY KEY (`id`)
) ENGINE=InnoDB AUTO_INCREMENT=6 DEFAULT CHARSET=utf8mb4 COLLATE=utf8mb4_general_ci COMMENT='升级任务';
/*!40101 SET character_set_client = @saved_cs_client */;

--
-- Dumping data for table `deploy_upgrade_task`
--

LOCK TABLES `deploy_upgrade_task` WRITE;
/*!40000 ALTER TABLE `deploy_upgrade_task` DISABLE KEYS */;
INSERT INTO `deploy_upgrade_task` VALUES (1,1,'J7A01','HWL4_X86-20230607-153750-v1.0.27.tar.gz',0,0,'/home/extract/HWL4_X86-20230607-153750-v1.0.27',1,NULL,'2023-06-28 06:37:25','2023-06-28 06:37:53',NULL),(2,2,'J7A03','HWL4_ORIN-20230607-144907-v0.1.15.tar.gz',0,0,'/home/extract/HWL4_ORIN-20230607-144907-v0.1.15',1,NULL,'2023-06-28 08:51:40','2023-06-28 08:52:09',NULL),(3,3,'J7A01','HWL4_X86-20230612-190037-v1.0.32.tar.gz',1,0,NULL,0,NULL,'2023-06-28 08:52:40','2023-06-28 08:52:40',NULL),(4,4,'J7A03','HWL4_ORIN-20230607-100956-v0.1.14.tar.gz',0,0,'/home/extract/HWL4_ORIN-20230607-100956-v0.1.14',1,NULL,'2023-06-28 09:01:25','2023-06-28 09:01:55',NULL),(5,5,'J7A03','HWL4_ORIN-20230627-181033-v0.1.35.tar.gz',0,0,'/home/extract/HWL4_ORIN-20230627-181033-v0.1.35',1,NULL,'2023-06-28 09:10:47','2023-06-28 09:11:10',NULL);
/*!40000 ALTER TABLE `deploy_upgrade_task` ENABLE KEYS */;
UNLOCK TABLES;

--
-- Table structure for table `deploy_vehicle_info`
--

DROP TABLE IF EXISTS `deploy_vehicle_info`;
/*!40101 SET @saved_cs_client     = @@character_set_client */;
/*!50503 SET character_set_client = utf8mb4 */;
CREATE TABLE `deploy_vehicle_info` (
  `id` int NOT NULL AUTO_INCREMENT,
  `vehicle` varchar(100) CHARACTER SET utf8mb4 COLLATE utf8mb4_general_ci DEFAULT NULL COMMENT '车辆名称',
  `version` text CHARACTER SET utf8mb4 COLLATE utf8mb4_general_ci NOT NULL COMMENT '车辆回传数据，通用、驱动、固件等',
  `timestamp` bigint NOT NULL COMMENT '版本更新时间',
  `lon` float NOT NULL COMMENT '经度',
  `lat` float NOT NULL COMMENT '纬度',
  `cur_package` varchar(200) CHARACTER SET utf8mb4 COLLATE utf8mb4_general_ci DEFAULT NULL COMMENT '构建后的包名',
  `local_packages` text CHARACTER SET utf8mb4 COLLATE utf8mb4_general_ci COMMENT '车端可用版本',
  `update_time` datetime DEFAULT CURRENT_TIMESTAMP,
  PRIMARY KEY (`id`)
) ENGINE=InnoDB AUTO_INCREMENT=3 DEFAULT CHARSET=utf8mb4 COLLATE=utf8mb4_general_ci COMMENT='车辆状态';
/*!40101 SET character_set_client = @saved_cs_client */;

--
-- Dumping data for table `deploy_vehicle_info`
--

LOCK TABLES `deploy_vehicle_info` WRITE;
/*!40000 ALTER TABLE `deploy_vehicle_info` DISABLE KEYS */;
INSERT INTO `deploy_vehicle_info` VALUES (1,'J7A01','扥更短天通苑蓝风铃老根开发瞪大',168345846,124.56,32.43,'HWL4_X86-20230608-110818-v1.0.28.tar.gz','HWL4_X86-20230608-110818-v1.0.28.tar.gz,HWL4_X86-20230612-190037-v1.0.32.tar.gz','2023-06-16 07:22:43'),(2,'J7A02','戳开监控点杨晨晨是扥开堆料',168345846,117.49,31.6576,'HWL4_X86-20230613-182640-v1.0.34.tar.gz','HWL4_X86-20230613-182640-v1.0.34.tar.gz,HWL4_X86-20230614-092058-v1.0.35.tar.gz,HWL4_X86-20230614-111740-v1.0.36.tar.gz	','2023-06-16 07:22:43');
/*!40000 ALTER TABLE `deploy_vehicle_info` ENABLE KEYS */;
UNLOCK TABLES;

--
-- Table structure for table `deploy_vehicle_state`
--

DROP TABLE IF EXISTS `deploy_vehicle_state`;
/*!40101 SET @saved_cs_client     = @@character_set_client */;
/*!50503 SET character_set_client = utf8mb4 */;
CREATE TABLE `deploy_vehicle_state` (
  `id` int NOT NULL AUTO_INCREMENT,
  `vehicle` varchar(100) CHARACTER SET utf8mb4 COLLATE utf8mb4_general_ci DEFAULT NULL COMMENT '车辆名称',
  `data` text CHARACTER SET utf8mb4 COLLATE utf8mb4_general_ci COMMENT '车辆回传数据，在线、网络状况、当前版本、车端可用版本等',
  `update_time` datetime DEFAULT CURRENT_TIMESTAMP,
  PRIMARY KEY (`id`)
) ENGINE=InnoDB DEFAULT CHARSET=utf8mb4 COLLATE=utf8mb4_general_ci COMMENT='车辆状态';
/*!40101 SET character_set_client = @saved_cs_client */;

--
-- Dumping data for table `deploy_vehicle_state`
--

LOCK TABLES `deploy_vehicle_state` WRITE;
/*!40000 ALTER TABLE `deploy_vehicle_state` DISABLE KEYS */;
/*!40000 ALTER TABLE `deploy_vehicle_state` ENABLE KEYS */;
UNLOCK TABLES;

--
-- Table structure for table `fuel`
--

DROP TABLE IF EXISTS `fuel`;
/*!40101 SET @saved_cs_client     = @@character_set_client */;
/*!50503 SET character_set_client = utf8mb4 */;
CREATE TABLE `fuel` (
  `id` int NOT NULL AUTO_INCREMENT,
  `vehicleNo` varchar(100) NOT NULL COMMENT '车辆编号',
  `orderId` int NOT NULL COMMENT '订单号',
  `volume` float NOT NULL COMMENT '加油量(L)',
  `amount` float NOT NULL COMMENT '金额(元)',
  `createtime` datetime NOT NULL DEFAULT CURRENT_TIMESTAMP,
  `desc` varchar(100) DEFAULT NULL COMMENT '描述',
  PRIMARY KEY (`id`)
) ENGINE=InnoDB DEFAULT CHARSET=utf8mb4 COLLATE=utf8mb4_0900_ai_ci COMMENT='加油';
/*!40101 SET character_set_client = @saved_cs_client */;

--
-- Dumping data for table `fuel`
--

LOCK TABLES `fuel` WRITE;
/*!40000 ALTER TABLE `fuel` DISABLE KEYS */;
/*!40000 ALTER TABLE `fuel` ENABLE KEYS */;
UNLOCK TABLES;

--
-- Table structure for table `load`
--

DROP TABLE IF EXISTS `load`;
/*!40101 SET @saved_cs_client     = @@character_set_client */;
/*!50503 SET character_set_client = utf8mb4 */;
CREATE TABLE `load` (
  `id` int NOT NULL AUTO_INCREMENT,
  `name` varchar(100) DEFAULT NULL,
  `desc` varchar(100) DEFAULT NULL,
  PRIMARY KEY (`id`)
) ENGINE=InnoDB AUTO_INCREMENT=10 DEFAULT CHARSET=utf8mb4 COLLATE=utf8mb4_0900_ai_ci COMMENT='车辆带挂';
/*!40101 SET character_set_client = @saved_cs_client */;

--
-- Dumping data for table `load`
--

LOCK TABLES `load` WRITE;
/*!40000 ALTER TABLE `load` DISABLE KEYS */;
INSERT INTO `load` VALUES (1,'不带挂',NULL),(2,'空挂',NULL),(3,'5T',NULL),(4,'10T',NULL),(5,'15T',NULL),(6,'20T',NULL),(7,'25T',NULL),(8,'30T',NULL),(9,'31T',NULL);
/*!40000 ALTER TABLE `load` ENABLE KEYS */;
UNLOCK TABLES;

--
-- Table structure for table `module`
--

DROP TABLE IF EXISTS `module`;
/*!40101 SET @saved_cs_client     = @@character_set_client */;
/*!50503 SET character_set_client = utf8mb4 */;
CREATE TABLE `module` (
  `id` int NOT NULL AUTO_INCREMENT,
  `name` varchar(100) DEFAULT NULL,
  `pid` int DEFAULT NULL,
  `desc` varchar(100) DEFAULT NULL,
  PRIMARY KEY (`id`)
) ENGINE=InnoDB AUTO_INCREMENT=14 DEFAULT CHARSET=utf8mb4 COLLATE=utf8mb4_0900_ai_ci COMMENT='所属模块';
/*!40101 SET character_set_client = @saved_cs_client */;

--
-- Dumping data for table `module`
--

LOCK TABLES `module` WRITE;
/*!40000 ALTER TABLE `module` DISABLE KEYS */;
INSERT INTO `module` VALUES (1,'AP',0,NULL),(2,'CP',0,NULL),(3,'FP',0,NULL),(4,'地图定位',0,NULL),(5,'集成测试',0,NULL),(6,'规划',0,NULL),(7,'控制',0,NULL),(8,'激光感知',0,NULL),(9,'视觉检测',0,NULL),(10,'视觉后处理',0,NULL),(11,'感知融合',0,NULL),(12,'项目组',0,NULL),(13,'系统部',0,NULL);
/*!40000 ALTER TABLE `module` ENABLE KEYS */;
UNLOCK TABLES;

--
-- Table structure for table `notice`
--

DROP TABLE IF EXISTS `notice`;
/*!40101 SET @saved_cs_client     = @@character_set_client */;
/*!50503 SET character_set_client = utf8mb4 */;
CREATE TABLE `notice` (
  `id` int NOT NULL AUTO_INCREMENT,
  `title` varchar(100) NOT NULL COMMENT '标题',
  `content` varchar(500) NOT NULL COMMENT '内容',
  `createtime` datetime NOT NULL DEFAULT CURRENT_TIMESTAMP,
  `expire` timestamp NOT NULL,
  `isDel` int NOT NULL,
  PRIMARY KEY (`id`)
) ENGINE=InnoDB DEFAULT CHARSET=utf8mb4 COLLATE=utf8mb4_0900_ai_ci COMMENT='通知公告表';
/*!40101 SET character_set_client = @saved_cs_client */;

--
-- Dumping data for table `notice`
--

LOCK TABLES `notice` WRITE;
/*!40000 ALTER TABLE `notice` DISABLE KEYS */;
/*!40000 ALTER TABLE `notice` ENABLE KEYS */;
UNLOCK TABLES;

--
-- Table structure for table `order`
--

DROP TABLE IF EXISTS `order`;
/*!40101 SET @saved_cs_client     = @@character_set_client */;
/*!50503 SET character_set_client = utf8mb4 */;
CREATE TABLE `order` (
  `id` int NOT NULL AUTO_INCREMENT,
  `subscriber` varchar(100) NOT NULL COMMENT '预订人',
  `subscribeNote` varchar(100) DEFAULT NULL COMMENT '预订备注',
  `module` varchar(100) NOT NULL COMMENT '所属模块',
  `vehicleId` int NOT NULL,
  `vehicleNo` varchar(100) NOT NULL,
  `project` varchar(100) NOT NULL COMMENT '所属项目',
  `starttime` datetime NOT NULL COMMENT '预订的开始使用时间',
  `endtime` datetime NOT NULL COMMENT '预订的结束使用时间',
  `address` varchar(100) NOT NULL COMMENT '使用地点',
  `purpose` varchar(100) NOT NULL COMMENT '约车目的',
  `route` varchar(100) DEFAULT NULL COMMENT '测试路线',
  `load` varchar(100) NOT NULL COMMENT '带挂',
  `updatetime` datetime NOT NULL DEFAULT CURRENT_TIMESTAMP COMMENT '更新时间',
  `createtime` datetime NOT NULL DEFAULT CURRENT_TIMESTAMP COMMENT '创建时间',
  `approver` varchar(100) DEFAULT NULL COMMENT '审批人',
  `driver` varchar(100) DEFAULT NULL COMMENT '司机',
  `state` int NOT NULL DEFAULT '0' COMMENT '0：未处理、1：已通过、2：已驳回、3：进行中、4：已结束、5：已取消',
  `comment` varchar(100) DEFAULT NULL COMMENT '审批意见',
  `desc` varchar(100) DEFAULT NULL COMMENT '描述',
  PRIMARY KEY (`id`)
) ENGINE=InnoDB AUTO_INCREMENT=1166 DEFAULT CHARSET=utf8mb4 COLLATE=utf8mb4_0900_ai_ci COMMENT='订单表';
/*!40101 SET character_set_client = @saved_cs_client */;

--
-- Dumping data for table `order`
--

LOCK TABLES `order` WRITE;
/*!40000 ALTER TABLE `order` DISABLE KEYS */;
INSERT INTO `order` VALUES (108,'56','','4',43,'J7A5','L3+','2023-02-14 09:00:00','2023-02-14 18:00:00','水景路','日常采集，验证','相城-渭塘','1','2023-02-13 04:40:52','2023-02-13 03:16:40','8','15',1,'',NULL),(109,'48','','7',38,'J7A03','L4','2023-02-14 09:00:00','2023-02-14 18:00:00','水景路','横向调试',NULL,'1','2023-02-13 09:22:26','2023-02-13 06:47:57','8','22',1,'',NULL),(110,'48','','7',38,'J7A03','L4','2023-02-15 09:00:00','2023-02-15 18:00:00','水景路','横向调试',NULL,'1','2023-02-13 09:22:10','2023-02-13 06:49:28','8','22',1,'',NULL),(111,'48','','7',38,'J7A03','L4','2023-02-16 09:00:00','2023-02-28 18:50:00','水景路','横向调试',NULL,'1','2023-02-13 09:21:57','2023-02-13 06:51:30','8','22',1,'',NULL),(112,'56','','4',70,'J6VB5','L3+','2023-02-14 09:00:00','2023-02-14 18:00:00','水景路','标定','公司附近绕圈、相城-谓塘','1','2023-02-13 09:22:38','2023-02-13 08:10:34','8','14',1,'',NULL),(113,'64','','11',61,'J6VB3','L2','2023-02-14 10:00:00','2023-02-14 18:00:00','水景路','测行人横穿场景识别','水景路','1','2023-02-13 12:43:17','2023-02-13 08:31:47','8','26',4,'',NULL),(114,'80','','6',66,'J6VB3','L3+','2023-02-15 14:00:00','2023-02-15 18:00:00','水景路','无法跟停问题复测','绕城高速','1','2023-02-13 09:21:17','2023-02-13 09:13:06','8','31',1,'',NULL),(115,'78','','9',44,'J7A6','L3+','2023-02-14 09:00:00','2023-02-14 18:00:00','水景路','视觉采集',NULL,'1','2023-02-13 09:21:07','2023-02-13 09:13:25','8','16',1,'',NULL),(116,'75','','9',36,'J7A01','L4','2023-02-15 09:00:00','2023-02-15 18:00:00','水景路','视觉采集（带挂）',NULL,'2','2023-02-13 09:20:55','2023-02-13 09:16:10','8','11',1,'',NULL),(117,'56','','4',56,'hs5','红旗','2023-02-14 09:00:00','2023-02-14 18:00:00','水景路','数据采集','水景路','1','2023-02-13 09:47:25','2023-02-13 09:46:51','8','24',1,'',NULL),(118,'56','','4',57,'J6VA8','L3+','2023-02-14 09:00:00','2023-02-14 18:00:00','水景路','标定','谓塘','1','2023-02-14 09:55:02','2023-02-13 10:10:20','8','9',5,'',NULL),(119,'42','','7',65,'J6VB2','L3+','2023-02-14 09:00:00','2023-02-14 18:00:00','水景路','控制测试',NULL,'1','2023-02-14 01:15:31','2023-02-13 10:43:17','8','12',1,'',NULL),(120,'104','','10',42,'J7A4','L3+','2023-02-14 09:09:00','2023-02-14 17:00:00','水景路','dla测试',NULL,'1','2023-02-14 01:42:08','2023-02-14 01:10:43','8','13',3,'',NULL),(121,'54','','4',66,'J6VB3','L3+','2023-02-14 09:00:00','2023-02-14 18:00:00','水景路','标定',NULL,'1','2023-02-14 01:15:14','2023-02-14 01:13:21','8','31',1,'',NULL),(122,'108','','13',36,'J7A01','L4','2023-02-16 09:56:00','2023-02-16 18:56:00','厂房','激光雷达支架安装',NULL,'1','2023-02-14 03:59:36','2023-02-14 03:57:11','8','11',1,'',NULL),(123,'109','','10',58,'J6VA9','L3+','2023-02-14 11:58:00','2023-02-14 18:00:00','水晶路','测试',NULL,'1','2023-02-14 03:59:13','2023-02-14 03:58:42','8','21',1,'',NULL),(124,'63','','7',70,'J6VB5','L3+','2023-02-15 09:30:00','2023-02-15 18:00:00','水景路','高速测试',NULL,'1','2023-02-14 08:59:10','2023-02-14 05:53:08','8','14',5,'',NULL),(125,'117','厂房远程测试，开着工控机即可','5',37,'J7A02','L4','2023-02-14 15:00:00','2023-02-14 18:00:00','厂房','调试毫米波驱动','无','1','2023-02-14 07:10:30','2023-02-14 06:29:22','8','30',1,'',NULL),(126,'119','','6',34,'J7A11','L4（demo）','2023-02-15 09:00:00','2023-02-15 18:00:00','苏州','博弈开环测试',NULL,'1','2023-02-14 07:49:46','2023-02-14 07:24:42','8','10',1,'',NULL),(127,'81','','9',44,'J7A6','L3+','2023-02-16 09:00:00','2023-02-16 18:00:00','水景路','视觉采集',NULL,'1','2023-02-15 03:49:50','2023-02-14 08:57:55','8','16',1,'',NULL),(128,'63','','7',65,'J6VB2','L3+','2023-02-15 09:30:00','2023-02-15 18:00:00','水景路','横向控制测试',NULL,'1','2023-02-14 10:04:37','2023-02-14 09:03:26','8','12',5,'',NULL),(129,'107','','5',37,'J7A02','L4','2023-02-15 10:00:00','2023-02-15 18:00:00','水景路','测试图达通激光驱动',NULL,'1','2023-02-14 09:43:32','2023-02-14 09:10:55','8','9',1,'',NULL),(130,'56','','4',56,'hs5','红旗','2023-02-15 09:00:00','2023-02-15 18:00:00','水景路','数据采集','水景路','1','2023-02-14 09:41:51','2023-02-14 09:39:12','8','24',1,'',NULL),(131,'56','','4',43,'J7A5','L3+','2023-02-15 09:00:00','2023-02-15 18:00:00','水景路','标定','公司附近绕圈','1','2023-02-14 09:58:43','2023-02-14 09:41:16','8','15',5,'',NULL),(132,'56','','4',44,'J7A6','L3+','2023-02-15 09:00:00','2023-02-15 18:00:00','水景路','标定','公司附近绕圈','1','2023-02-14 09:43:44','2023-02-14 09:43:04','8','16',1,'',NULL),(133,'74','待在厂房','13',63,'J6VB5','L2','2023-02-15 09:00:00','2023-02-15 18:00:00','厂房','更新升级H2PU',NULL,'1','2023-02-15 00:54:40','2023-02-14 09:48:43','8','',2,'今明两天浙江大盘山测试',NULL),(134,'56','','4',43,'J7A5','L3+','2023-02-15 09:00:00','2023-02-15 18:00:00','水景路','标定','公司附近绕圈','1','2023-02-14 10:06:41','2023-02-14 09:59:42','8','25',1,'',NULL),(135,'63','','7',65,'J6VB2','L3+','2023-02-15 09:30:00','2023-02-15 18:00:00','水景路','横向控制测试',NULL,'1','2023-02-14 10:06:03','2023-02-14 10:05:30','8','30',1,'',NULL),(136,'118','','5',66,'J6VB3','L3+','2023-02-15 09:00:00','2023-02-15 12:00:00','苏州','水景路',NULL,'1','2023-02-14 10:48:08','2023-02-14 10:47:32','8','31',1,'',NULL),(137,'104','','10',42,'J7A4','L3+','2023-02-15 09:13:00','2023-02-15 18:00:00','水景路','8v实测',NULL,'1','2023-02-15 03:49:26','2023-02-15 01:14:37','8','13',1,'',NULL),(138,'64','','11',63,'J6VB5','L2','2023-02-15 10:00:00','2023-02-15 12:00:00','水景路','测最大减速度','水景路','8','2023-02-15 01:33:57','2023-02-15 01:28:06',NULL,NULL,5,NULL,NULL),(139,'64','解放不鼓包重挂','11',70,'J6VB5','L3+','2023-02-15 14:00:00','2023-02-15 16:00:00','水景路','测最大减速度','水景路','8','2023-02-15 02:32:21','2023-02-15 01:33:21',NULL,NULL,5,NULL,NULL),(140,'64','解放不鼓包重挂','11',63,'J6VB5','L2','2023-02-15 10:00:00','2023-02-15 12:00:00','水景路','测最大减速度','水景路','8','2023-02-15 01:38:22','2023-02-15 01:34:43',NULL,NULL,5,NULL,NULL),(141,'64','解放不鼓包重挂','11',63,'J6VB5','L2','2023-02-15 16:10:00','2023-02-15 18:00:00','水景路','测最大减速度','水景路','8','2023-02-15 02:32:16','2023-02-15 01:54:10',NULL,NULL,5,NULL,NULL),(142,'47','','3',57,'J6VA8','L3+','2023-02-15 13:00:00','2023-02-15 18:00:00','无需求，可以远程即可','升级测试驱动软件',NULL,'1','2023-02-15 02:12:46','2023-02-15 02:12:46',NULL,NULL,0,NULL,NULL),(143,'64','解放不鼓包重挂','11',61,'J6VB3','L2','2023-02-17 10:00:00','2023-02-17 18:00:00','水景路','测AEB','水景路','8','2023-02-15 03:48:18','2023-02-15 02:22:10','8','',2,'已去大盘山',NULL),(144,'124','','11',63,'J6VB5','L2','2023-02-17 10:00:00','2023-02-17 18:00:00','水景路','测AEB','水景路','1','2023-02-16 10:03:39','2023-02-15 02:24:30','8','',2,'车辆在福建测试',NULL),(145,'60','','7',70,'J6VB5','L3+','2023-02-15 09:00:00','2023-02-15 18:00:00','厂房','横向',NULL,'8','2023-02-15 03:48:39','2023-02-15 02:35:18','8','21',1,'',NULL),(146,'124','解放不鼓包重挂','11',66,'J6VB3','L3+','2023-02-16 10:00:00','2023-02-16 12:00:00','水景路','测最大刹车','水景路','8','2023-02-15 03:49:05','2023-02-15 03:30:27','8','31',1,'',NULL),(147,'56','','4',65,'J6VB2','L3+','2023-02-16 09:00:00','2023-02-16 18:00:00','水景路','标定','谓塘','1','2023-02-15 07:25:17','2023-02-15 06:17:58','8','30',1,'',NULL),(148,'56','','4',59,'J7A7','L3+','2023-02-16 09:00:00','2023-02-16 18:00:00','水景路','标定','谓塘','1','2023-02-15 07:25:52','2023-02-15 06:21:19','8','26',1,'',NULL),(149,'64','解放不鼓包重挂','11',61,'J6VB3','L2','2023-02-17 10:00:00','2023-02-17 12:00:00','水景路','AEB刹车性能测试','水景路','8','2023-02-16 10:03:14','2023-02-15 06:46:09','8','',2,'车辆在福建测试',NULL),(150,'56','','4',57,'J6VA8','L3+','2023-02-16 09:00:00','2023-02-16 18:00:00','水景路','标定','谓塘','1','2023-02-15 13:40:18','2023-02-15 08:32:20','8','21',1,'',NULL),(151,'56','','4',43,'J7A5','L3+','2023-02-16 09:00:00','2023-02-16 18:00:00','水景路','数据采集','谓塘','1','2023-02-15 13:38:12','2023-02-15 09:30:05','8','25',1,'',NULL),(152,'116','需要司机开车','11',56,'hs5','红旗','2023-02-17 09:00:00','2023-02-17 18:00:00','水景路','corner-case配合测试',NULL,'1','2023-02-15 09:36:22','2023-02-15 09:34:36',NULL,NULL,5,NULL,NULL),(153,'56','','4',56,'hs5','红旗','2023-02-16 09:00:00','2023-02-16 12:00:00','水景路','采集数据','水景路','1','2023-02-15 13:38:22','2023-02-15 09:58:12','8','24',1,'',NULL),(154,'128','','5',66,'J6VB3','L3+','2023-02-16 13:00:00','2023-02-16 20:00:00','水景路','性能测试',NULL,'8','2023-02-15 13:38:31','2023-02-15 13:17:24','8','31',1,'',NULL),(155,'104','','10',42,'J7A4','L3+','2023-02-16 07:07:00','2023-02-17 18:00:00','水景路','8v',NULL,'1','2023-02-16 00:22:03','2023-02-15 23:08:00','8','13',1,'',NULL),(156,'60','','7',70,'J6VB5','L3+','2023-02-16 09:00:00','2023-02-16 18:00:00','水景路','调试',NULL,'1','2023-02-16 00:24:56','2023-02-16 00:19:00','8','9',1,'',NULL),(157,'105','','11',71,'P1','L3+','2023-02-16 10:00:00','2023-02-16 18:00:00','水景路','感知测试',NULL,'1','2023-02-16 03:04:19','2023-02-16 01:10:51','8','23',1,'',NULL),(158,'117','打开工控机和传感器就行，不用动车，静态测试','5',37,'J7A02','L4','2023-02-16 13:30:00','2023-02-16 18:00:00','水景路','毫米波驱动调试','静态测试','1','2023-02-16 05:46:28','2023-02-16 01:21:18','8','30',1,'',NULL),(159,'56','','4',56,'hs5','红旗','2023-02-16 13:30:00','2023-02-16 18:00:00','水景路','数据采集','水景路','1','2023-02-16 05:34:33','2023-02-16 03:07:05','8','24',1,'',NULL),(160,'45','一定要带解放的重挂。那个生锈的挂。','7',60,'J6VB2','L2','2023-02-17 09:00:00','2023-02-18 18:00:00','水景路','AEB功能及线控验证','水景路','9','2023-02-16 05:40:04','2023-02-16 05:39:44','8','25',1,'',NULL),(161,'62','','5',39,'J7A04','L4','2023-02-17 09:00:00','2023-02-17 18:00:00','水景路','L4测试',NULL,'1','2023-02-16 08:36:56','2023-02-16 06:10:49',NULL,NULL,5,NULL,NULL),(162,'62','','5',39,'J7A04','L4','2023-02-17 09:00:00','2023-02-17 18:00:00','厂房','测试',NULL,'1','2023-02-16 10:02:33','2023-02-16 08:38:19','8','10',1,'',NULL),(163,'56','','4',43,'J7A5','L3+','2023-02-17 09:00:00','2023-02-17 18:00:00','水景路','标定','公司附近绕圈','1','2023-02-16 09:20:08','2023-02-16 09:19:18',NULL,NULL,5,NULL,NULL),(164,'56','','4',58,'J6VA9','L3+','2023-02-17 09:00:00','2023-02-17 18:00:00','水景路','标定','公司附近绕圈','1','2023-02-16 10:01:41','2023-02-16 09:20:01','8','21',1,'',NULL),(165,'56','','4',43,'J7A5','L3+','2023-02-17 09:00:00','2023-02-17 18:00:00','水景路','数据采集','谓塘','1','2023-02-17 10:50:17','2023-02-16 09:20:56','8','26',3,'',NULL),(166,'63','','7',65,'J6VB2','L3+','2023-02-17 09:30:00','2023-02-17 18:00:00','水景路','横向轨迹模式测试',NULL,'2','2023-02-16 09:55:53','2023-02-16 09:48:35','8','30',1,'',NULL),(167,'56','','4',59,'J7A7','L3+','2023-02-17 09:00:00','2023-02-17 18:00:00','水景路','标定','公司附近绕圈','1','2023-02-17 01:31:16','2023-02-16 10:05:04','8','11',1,'',NULL),(168,'56','','4',56,'hs5','红旗','2023-02-17 09:00:00','2023-02-17 18:00:00','水景路','标定','公司附近绕圈','1','2023-02-16 10:11:18','2023-02-16 10:05:56','8','24',1,'',NULL),(169,'108','','13',36,'J7A01','L4','2023-02-17 09:32:00','2023-02-17 18:00:00','厂房','激光雷达支架安装',NULL,'1','2023-02-17 01:26:51','2023-02-16 10:32:41','8','132',1,'',NULL),(170,'105','','11',71,'P1','L3+','2023-02-17 10:00:00','2023-02-17 17:00:00','水景路','感知测试',NULL,'1','2023-02-17 01:20:29','2023-02-16 12:24:58','8','23',1,'',NULL),(171,'83','','6',66,'J6VB3','L3+','2023-02-21 09:00:00','2023-02-21 18:00:00','苏州','算法测试','太湖往返','1','2023-02-21 01:06:38','2023-02-17 01:09:18','8','31',1,'',NULL),(172,'83','','6',66,'J6VB3','L3+','2023-02-23 09:00:00','2023-02-23 18:00:00','苏州','算法测试','太湖往返','1','2023-02-23 02:02:02','2023-02-17 01:13:30','8','30',1,'',NULL),(173,'126','','13',63,'J6VB5','L2','2023-02-17 13:30:00','2023-02-17 18:00:00','漕湖厂房','安装IBOX',NULL,'1','2023-02-17 01:58:43','2023-02-17 01:53:51','8','',2,'车在福建测试',NULL),(174,'135','','3',73,'J6V A2','L2','2023-02-17 13:50:00','2023-02-17 16:00:00','苏州','测试ibox回传',NULL,'2','2023-02-17 06:02:56','2023-02-17 05:43:27','8','9',1,'',NULL),(175,'126','','13',43,'J7A5','L3+','2023-02-20 13:30:00','2023-02-20 18:00:00','漕湖厂房','安装天陆海GNSS',NULL,'1','2023-02-17 08:21:52','2023-02-17 06:49:27',NULL,NULL,5,NULL,NULL),(176,'56','','4',43,'J7A5','L3+','2023-02-21 09:00:00','2023-02-24 18:00:00','水景路','数据采集','沪武广','1','2023-02-24 02:02:25','2023-02-17 08:22:10','8','14',5,'',NULL),(177,'56','','4',43,'J7A5','L3+','2023-02-20 09:00:00','2023-02-20 18:00:00','水景路','数据采集','太湖','1','2023-02-20 01:03:53','2023-02-17 08:23:13','8','25',1,'',NULL),(178,'62','','5',39,'J7A04','L4','2023-02-20 09:00:00','2023-02-20 18:00:00','水景路','调试',NULL,'1','2023-02-20 00:57:48','2023-02-18 02:44:37','8','10',1,'',NULL),(179,'68','','13',70,'J6VB5','L3+','2023-02-20 09:30:00','2023-02-20 18:30:00','厂房','测试L3、L2 ZIC感知差异',NULL,'1','2023-02-20 01:14:53','2023-02-19 02:20:10','8','132',5,'',NULL),(180,'42','','7',60,'J6VB2','L2','2023-02-20 13:30:00','2023-02-20 18:00:00','水景路','横向控制测试',NULL,'6','2023-02-20 01:09:57','2023-02-20 01:06:45','8','26',1,'',NULL),(181,'80','','6',66,'J6VB3','L3+','2023-02-20 14:00:00','2023-02-20 18:00:00','水景路','跟车测试','北桥-太湖隧道','1','2023-02-20 01:23:39','2023-02-20 01:15:41','8','31',1,'',NULL),(182,'68','需要师傅','13',70,'J6VB5','L3+','2023-02-20 10:00:00','2023-02-20 19:00:00','厂房','高速zic测试',NULL,'1','2023-02-20 01:23:49','2023-02-20 01:16:57','8','14',1,'',NULL),(183,'60','','7',65,'J6VB2','L3+','2023-02-20 09:17:00','2023-02-20 18:00:00','水景路','调试',NULL,'1','2023-02-20 01:24:30','2023-02-20 01:17:50','8','9',1,'',NULL),(184,'124','','11',61,'J6VB3','L2','2023-02-20 13:30:00','2023-02-20 18:00:00','水晶路','AEB测试',NULL,'1','2023-02-20 01:34:18','2023-02-20 01:33:14','8','',2,'车在福建演示',NULL),(185,'56','','4',58,'J6VA9','L3+','2023-02-20 09:40:00','2023-02-20 18:00:00','水景路','标定','绕圈','1','2023-02-20 01:36:35','2023-02-20 01:36:15','8','21',1,'',NULL),(186,'56','','4',57,'J6VA8','L3+','2023-02-20 09:40:00','2023-02-20 18:00:00','水景路','标定','绕圈','1','2023-02-20 02:05:59','2023-02-20 01:37:07','8','23',1,'',NULL),(187,'64','解放重挂','11',66,'J6VB3','L3+','2023-02-20 09:46:00','2023-02-20 12:00:00','水景路','测线控刹车','水景路','9','2023-02-20 01:52:06','2023-02-20 01:47:29','8','31',1,'',NULL),(188,'139','','10',42,'J7A4','L3+','2023-02-20 13:00:00','2023-02-20 18:00:00','水景路','测试3d车道线后处理',NULL,'1','2023-02-20 02:01:28','2023-02-20 02:00:45','8','13',1,'',NULL),(189,'105','','11',71,'P1','L3+','2023-02-20 14:00:00','2023-02-20 18:00:00','水景路','毫米波雷达测试',NULL,'1','2023-02-20 02:14:35','2023-02-20 02:08:36','8','16',1,'',NULL),(190,'74','','13',56,'hs5','红旗','2023-02-20 13:30:00','2023-02-20 18:00:00','挚途大厦地下停车场出口处','测试天陆海','静止测试','1','2023-02-20 05:20:59','2023-02-20 03:30:07','8','24',1,'',NULL),(191,'117','远程静态测试，不用动车，工控机和传感器打开就行','5',37,'J7A02','L4','2023-02-20 15:00:00','2023-02-20 18:00:00','厂房','毫米波雷达调试','厂房静态测试','1','2023-02-20 05:20:47','2023-02-20 03:45:40','8','132',1,'',NULL),(192,'126','','13',60,'J6VB2','L2','2023-02-21 13:30:00','2023-02-21 18:00:00','漕湖厂房','加装IBOX','厂房静态改制','1','2023-02-20 05:25:03','2023-02-20 05:20:12',NULL,NULL,5,NULL,NULL),(193,'126','','13',60,'J6VB2','L2','2023-02-21 09:30:00','2023-02-21 13:00:00','漕湖厂房','加装IBOX','静态车辆改制','1','2023-02-20 05:33:05','2023-02-20 05:26:28',NULL,NULL,5,NULL,NULL),(194,'126','','13',60,'J6VB2','L2','2023-02-21 09:30:00','2023-02-21 13:00:00','漕湖厂房','车辆加装IBOX','漕湖厂房今天改制','1','2023-02-21 01:02:20','2023-02-20 05:35:03','8','25',1,'',NULL),(195,'72','','9',44,'J7A6','L3+','2023-02-21 09:00:00','2023-02-21 18:00:00','水景路','数据采集',NULL,'1','2023-02-20 10:29:53','2023-02-20 07:20:28','8','16',1,'',NULL),(196,'113','','7',71,'P1','L3+','2023-02-21 09:00:00','2023-02-21 12:00:00','水景路','接口测试',NULL,'1','2023-02-20 10:30:02','2023-02-20 07:22:28','8','23',1,'',NULL),(197,'72','','9',36,'J7A01','L4','2023-02-21 16:30:00','2023-02-21 19:30:00','水景路','数据采集',NULL,'2','2023-02-20 10:30:17','2023-02-20 07:23:01','8','11',1,'',NULL),(198,'72','','9',44,'J7A6','L3+','2023-02-22 09:00:00','2023-02-22 18:00:00','水景路','数据采集',NULL,'1','2023-02-22 01:20:13','2023-02-20 07:29:45','8','16',1,'',NULL),(199,'124','','11',60,'J6VB2','L2','2023-02-21 13:30:00','2023-02-22 18:00:00','水景路','AEB测试',NULL,'1','2023-02-21 00:57:05','2023-02-20 07:43:40','8','25',1,'',NULL),(200,'33','','8',37,'J7A02','L4','2023-02-21 09:00:00','2023-02-21 18:00:00','水景路','图达通激光测试',NULL,'1','2023-02-20 10:30:29','2023-02-20 08:00:44','8','9',1,'',NULL),(201,'62','','5',39,'J7A04','L4','2023-02-21 09:00:00','2023-02-24 18:00:00','水景路','调试',NULL,'1','2023-02-21 06:49:01','2023-02-20 08:17:07','8','10',5,'',NULL),(202,'54','','4',34,'J7A11','L4（demo）','2023-02-21 09:00:00','2023-02-21 18:00:00','水景路','定位数据采集 ','公司楼下-相城收费张 （走太阳路）','1','2023-02-21 05:22:18','2023-02-20 09:35:08','8','21',1,'',NULL),(203,'138','','5',70,'J6VB5','L3+','2023-02-21 09:00:00','2023-02-21 18:00:00','水景路','测试',NULL,'8','2023-02-21 00:56:29','2023-02-20 12:22:49','8','30',1,'',NULL),(204,'104','','9',42,'J7A4','L3+','2023-02-21 09:10:00','2023-02-21 18:00:00','水镜路','dla测试',NULL,'1','2023-02-21 05:22:07','2023-02-21 01:09:06','8','26',1,'',NULL),(205,'43','车到水景路请联系李志强','7',65,'J6VB2','L3+','2023-02-21 13:00:00','2023-02-21 18:00:00','水景路','横向测试',NULL,'8','2023-02-21 01:25:49','2023-02-21 01:19:15','8','12',1,'',NULL),(206,'54','','4',56,'hs5','红旗','2023-02-21 09:00:00','2023-02-21 18:00:00','天成','标定数据采集',NULL,'1','2023-02-21 05:21:49','2023-02-21 02:16:37','8','24',1,'',NULL),(207,'54','','4',58,'J6VA9','L3+','2023-02-22 09:00:00','2023-02-22 18:00:00','厂房','标定',NULL,'1','2023-02-22 01:19:49','2023-02-21 07:18:03','8','21',1,'',NULL),(208,'33','','8',37,'J7A02','L4','2023-02-22 09:00:00','2023-02-22 13:00:00','水景路','图达通激光测试',NULL,'1','2023-02-21 11:40:33','2023-02-21 07:50:50','8','9',1,'',NULL),(209,'42','','7',65,'J6VB2','L3+','2023-02-22 09:00:00','2023-02-22 18:00:00','水景路','横向控制测试',NULL,'8','2023-02-21 11:40:49','2023-02-21 11:26:39','8','12',1,'',NULL),(210,'62','','5',39,'J7A04','L4','2023-02-22 09:00:00','2023-02-22 12:00:00','水景路','静态调试',NULL,'1','2023-02-22 01:17:54','2023-02-22 01:17:36','8','10',1,'',NULL),(211,'143','','5',37,'J7A02','L4','2023-02-22 13:00:00','2023-02-22 18:00:00','厂房','测试激光驱动',NULL,'1','2023-02-22 01:20:02','2023-02-22 01:17:43','8','9',1,'',NULL),(212,'139','','10',42,'J7A4','L3+','2023-02-22 13:00:00','2023-02-22 18:00:00','水景路','测试3d车道线',NULL,'1','2023-02-22 01:36:20','2023-02-22 01:21:29','8','26',1,'',NULL),(213,'80','','6',66,'J6VB3','L3+','2023-02-24 14:00:00','2023-02-24 18:52:00','水景路','nudge测试','北桥-太湖隧道','2','2023-02-23 10:02:48','2023-02-22 01:52:55','8','30',1,'',NULL),(214,'144','','11',66,'J6VB3','L3+','2023-02-22 11:02:00','2023-02-22 20:00:00','水景路','fusion接收2d框数据采集',NULL,'2','2023-02-22 02:06:09','2023-02-22 02:05:50',NULL,NULL,5,NULL,NULL),(215,'144','','11',66,'J6VB3','L3+','2023-02-22 14:00:00','2023-02-22 18:00:00','水景路','fusion接收2d框',NULL,'2','2023-02-22 02:41:37','2023-02-22 02:08:16','8','30',1,'',NULL),(216,'116','需要司机开车,配合测试','11',56,'hs5','红旗','2023-02-22 13:30:00','2023-02-22 18:00:00','水景路','corner_case测试',NULL,'1','2023-02-22 02:40:53','2023-02-22 02:38:47','8','24',1,'',NULL),(217,'60','','7',70,'J6VB5','L3+','2023-02-22 13:30:00','2023-02-22 18:00:00','水景路','调试',NULL,'1','2023-02-22 05:53:09','2023-02-22 03:14:27','8','31',1,'',NULL),(218,'141','','10',39,'J7A04','L4','2023-02-22 14:00:00','2023-02-22 18:00:00','水景路','视觉模块CPU占用率测试',NULL,'1','2023-02-22 04:33:48','2023-02-22 03:26:12','8','10',1,'',NULL),(219,'62','','5',39,'J7A04','L4','2023-02-23 09:00:00','2023-02-23 12:00:00','厂房','装无线网卡',NULL,'1','2023-02-23 01:07:14','2023-02-22 06:06:09','8','10',1,'',NULL),(220,'62','','5',44,'J7A6','L3+','2023-02-23 09:00:00','2023-02-23 12:00:00','厂房','拆无线网卡',NULL,'1','2023-02-22 06:09:41','2023-02-22 06:06:46',NULL,NULL,5,NULL,NULL),(221,'62','','5',65,'J6VB2','L3+','2023-02-23 09:00:00','2023-02-23 12:00:00','厂房','拆无线网卡',NULL,'1','2023-02-23 01:07:04','2023-02-22 06:10:22','8','12',1,'',NULL),(222,'126','','13',58,'J6VA9','L3+','2023-02-23 09:30:00','2023-02-23 13:30:00','漕湖厂房','加装GNSS','厂房周边','1','2023-02-23 01:06:54','2023-02-22 06:27:03','8','21',1,'',NULL),(223,'124','','11',60,'J6VB2','L2','2023-02-23 09:00:00','2023-02-24 18:00:00','水景路','融合测试',NULL,'1','2023-02-23 01:06:45','2023-02-22 08:21:55','8','25',1,'',NULL),(224,'124','19962179007','11',56,'hs5','红旗','2023-02-23 09:30:00','2023-02-23 18:00:00','挚途大厦青龙港路停车库入口','融合测试',NULL,'1','2023-02-23 01:06:35','2023-02-22 08:26:05','8','24',1,'',NULL),(225,'105','','11',71,'P1','L3+','2023-02-23 10:00:00','2023-02-23 18:00:00','水景路','清华测试',NULL,'1','2023-02-23 01:06:27','2023-02-22 08:38:14','8','23',1,'',NULL),(226,'60','','7',65,'J6VB2','L3+','2023-02-23 13:00:00','2023-02-23 18:00:00','水景路','调试',NULL,'9','2023-02-23 01:07:38','2023-02-23 01:06:47','8','12',1,'',NULL),(227,'139','','10',42,'J7A4','L3+','2023-02-23 09:00:00','2023-02-23 18:00:00','水景路','测试3d车道线',NULL,'1','2023-02-23 01:58:31','2023-02-23 01:13:40','8','26',1,'',NULL),(228,'141','','10',39,'J7A04','L4','2023-02-23 14:00:00','2023-02-23 18:00:00','水景路','视觉模块测试',NULL,'1','2023-02-23 01:58:38','2023-02-23 01:15:30','8','10',1,'',NULL),(229,'118','带不带挂都可以，跑跑高速：北桥-渭塘','5',70,'J6VB5','L3+','2023-02-23 13:30:00','2023-02-23 18:00:00','苏州','测试CPU占用',NULL,'1','2023-02-23 02:58:08','2023-02-23 02:37:40','8','11',1,'',NULL),(230,'33','','8',37,'J7A02','L4','2023-02-23 13:00:00','2023-02-23 18:00:00','水景路','hesai激光',NULL,'1','2023-02-23 03:07:11','2023-02-23 03:01:09','8','9',1,'',NULL),(231,'146','','7',71,'P1','L3+','2023-02-24 09:00:00','2023-02-24 18:00:00','水景路','L4测试',NULL,'1','2023-02-23 10:17:38','2023-02-23 05:18:38','8','23',1,'',NULL),(232,'147','','5',73,'J6V A2','L2','2023-02-23 14:00:00','2023-02-23 18:00:00','苏州水景路','测试隐私授权',NULL,'1','2023-02-23 05:42:01','2023-02-23 05:38:36',NULL,NULL,5,NULL,NULL),(233,'45','解放重挂','7',66,'J6VB3','L3+','2023-02-24 09:00:00','2023-02-24 13:00:00','水景路','AEB基本功能测试',NULL,'7','2023-02-23 10:17:28','2023-02-23 05:41:58','8','30',1,'',NULL),(234,'45','','7',70,'J6VB5','L3+','2023-02-24 13:00:00','2023-02-24 18:00:00','水景路','AEB功能验证',NULL,'1','2023-02-24 01:12:12','2023-02-23 05:46:44','8','9',1,'',NULL),(235,'63','','7',65,'J6VB2','L3+','2023-02-24 09:00:00','2023-02-24 18:00:00','水景路','高速测试',NULL,'2','2023-02-23 09:56:54','2023-02-23 06:39:05','8','12',1,'',NULL),(236,'139','','10',36,'J7A01','L4','2023-02-23 14:43:00','2023-02-23 18:00:00','厂房','激光标定',NULL,'1','2023-02-23 06:47:36','2023-02-23 06:43:59','8','16',1,'',NULL),(237,'145','需要到水景路','6',66,'J6VB3','L3+','2023-02-27 09:00:00','2023-02-27 18:00:00','苏州','水景路','太湖路线','1','2023-02-23 09:57:21','2023-02-23 07:51:27','8','30',5,'',NULL),(238,'54','','4',58,'J6VA9','L3+','2023-02-24 09:00:00','2023-02-24 18:00:00','水景路','定位数据采集',NULL,'1','2023-02-23 09:56:23','2023-02-23 08:51:13','8','21',1,'',NULL),(239,'33','','8',36,'J7A01','L4','2023-02-24 09:00:00','2023-02-24 12:00:00','水景路','挂车检测',NULL,'2','2023-02-23 10:17:13','2023-02-23 10:04:24','8','11',1,'',NULL),(240,'62','','5',39,'J7A04','L4','2023-02-24 09:00:00','2023-02-24 12:28:00','厂房','串口验证',NULL,'1','2023-02-24 01:13:58','2023-02-23 10:29:17','8','10',1,'',NULL),(241,'60','','7',70,'J6VB5','L3+','2023-02-24 09:00:00','2023-02-24 12:00:00','水景路','调试',NULL,'1','2023-02-24 01:12:05','2023-02-24 00:59:12','8','9',1,'',NULL),(242,'145','需要到水景路','6',70,'J6VB5','L3+','2023-02-27 09:00:00','2023-02-27 18:00:00','苏州','水景路','太湖路线','1','2023-02-24 08:22:31','2023-02-24 01:15:06',NULL,NULL,5,NULL,NULL),(243,'105','','11',71,'P1','L3+','2023-02-25 10:00:00','2023-02-25 18:00:00','水景路','清华联调',NULL,'1','2023-02-24 10:09:06','2023-02-24 02:25:01','8','23',1,'',NULL),(244,'147','','5',65,'J6VB2','L3+','2023-02-27 09:00:00','2023-02-27 12:00:00','水景路','隐私授权测试',NULL,'1','2023-02-27 00:16:22','2023-02-24 02:37:35','8','12',1,'',NULL),(245,'116','','11',66,'J6VB3','L3+','2023-02-25 14:00:00','2023-02-25 18:00:00','水景路','静止障碍物测试验证',NULL,'1','2023-02-24 10:09:17','2023-02-24 02:45:09','8','26',1,'',NULL),(246,'62','','5',39,'J7A04','L4','2023-02-24 13:10:00','2023-02-24 18:00:00','水景路','调试',NULL,'1','2023-02-24 06:50:02','2023-02-24 03:10:55','8','10',1,'',NULL),(247,'42','','7',65,'J6VB2','L3+','2023-02-27 13:00:00','2023-02-27 18:00:00','水景路','横向测试',NULL,'8','2023-02-27 10:06:22','2023-02-24 08:48:40','8','12',1,'',NULL),(248,'54','','4',58,'J6VA9','L3+','2023-02-27 09:00:00','2023-02-27 18:00:00','水景路','惯性导航设备数据采集',NULL,'1','2023-02-27 00:16:06','2023-02-24 10:03:33','8','21',1,'',NULL),(249,'105','','11',71,'P1','L3+','2023-02-27 10:25:00','2023-02-27 18:00:00','水景路','清华测试',NULL,'1','2023-02-27 00:15:54','2023-02-26 02:26:38','8','23',1,'',NULL),(250,'126','','13',61,'J6VB3','L2','2023-02-27 09:30:00','2023-02-27 13:30:00','漕湖厂房','加装IBOX',NULL,'1','2023-02-27 01:02:22','2023-02-27 00:59:30','8','132',1,'',NULL),(251,'42','','7',70,'J6VB5','L3+','2023-02-27 09:00:00','2023-02-27 18:00:00','水景路','横向测试',NULL,'8','2023-02-27 01:18:03','2023-02-27 01:01:32','8','30',1,'',NULL),(252,'146','','7',71,'P1','L3+','2023-02-28 09:00:00','2023-02-28 18:00:00','水景路','L4控制',NULL,'1','2023-02-27 09:44:19','2023-02-27 01:04:30','8','23',1,'',NULL),(253,'54','','4',38,'J7A03','L4','2023-03-01 09:00:00','2023-03-01 18:00:00','水景路','定位数据采集',NULL,'1','2023-03-01 00:52:36','2023-02-27 01:12:03','8','22',1,'',NULL),(254,'135','','3',73,'J6V A2','L2','2023-02-27 14:00:00','2023-02-27 16:30:00','水景路','测试IBOX回传',NULL,'2','2023-02-27 02:00:45','2023-02-27 01:12:46','8','25',1,'',NULL),(255,'54','','4',38,'J7A03','L4','2023-03-02 09:00:00','2023-03-02 18:00:00',' 水景路','定位数据采集',NULL,'1','2023-03-02 01:02:09','2023-02-27 01:17:47','8','22',1,'',NULL),(256,'145','需要到水景路','6',70,'J6VB5','L3+','2023-02-28 13:00:00','2023-02-28 18:00:00','苏州','水景路','太湖','1','2023-02-27 10:05:49','2023-02-27 01:17:48','8','30',1,'',NULL),(257,'145','需要到水景路','6',66,'J6VB3','L3+','2023-03-01 09:00:00','2023-03-01 18:00:00','苏州','水景路','太湖','1','2023-02-27 01:26:54','2023-02-27 01:20:29',NULL,NULL,5,NULL,NULL),(258,'145','需要到水景路','6',70,'J6VB5','L3+','2023-03-01 09:00:00','2023-03-01 18:00:00','苏州','水景路','太湖','1','2023-03-01 00:53:25','2023-02-27 01:27:45','8','14',1,'',NULL),(259,'139','','10',39,'J7A04','L4','2023-02-27 13:00:00','2023-02-27 18:00:00','水景路','depth估计数据集采集',NULL,'1','2023-02-27 02:16:23','2023-02-27 02:15:55','8','10',1,'',NULL),(260,'146','','7',71,'P1','L3+','2023-03-01 09:00:00','2023-03-03 18:00:00','水景路','L4控制调试',NULL,'1','2023-03-01 02:15:31','2023-02-27 02:17:54','8','23',5,'',NULL),(261,'138','','5',60,'J6VB2','L2','2023-02-28 09:00:00','2023-02-28 18:00:00','水景路','轨迹模式测试',NULL,'8','2023-02-27 02:24:23','2023-02-27 02:21:40',NULL,NULL,5,NULL,NULL),(262,'138','','5',65,'J6VB2','L3+','2023-02-28 09:00:00','2023-02-28 18:00:00','水景路','实车测试',NULL,'8','2023-02-27 10:05:07','2023-02-27 02:25:33','8','12',1,'',NULL),(263,'109','','10',42,'J7A4','L3+','2023-02-27 13:00:00','2023-02-27 18:00:00','水景路','采集数据','绕城','1','2023-02-27 04:16:05','2023-02-27 02:58:38','8','26',1,'',NULL),(264,'117','静态测试，不用动车','5',37,'J7A02','L4','2023-02-27 13:30:00','2023-02-27 18:00:00','水景路','毫米波调试','无，静态测试','1','2023-02-27 04:20:37','2023-02-27 03:13:44','8','15',1,'',NULL),(265,'151','','10',42,'J7A4','L3+','2023-02-28 13:37:00','2023-03-01 18:00:00','水景路','标定check测试',NULL,'1','2023-02-28 01:04:31','2023-02-27 05:39:48','8','15',1,'',NULL),(266,'63','','7',65,'J6VB2','L3+','2023-03-01 09:57:00','2023-03-01 18:00:00','水景路','横向控制测试',NULL,'6','2023-02-27 05:58:45','2023-02-27 05:58:12',NULL,NULL,5,NULL,NULL),(267,'63','','7',65,'J6VB2','L3+','2023-03-01 09:00:00','2023-03-01 18:00:00','水景路','横向控制测试',NULL,'6','2023-03-01 00:51:48','2023-02-27 05:59:32','8','12',1,'',NULL),(268,'65','','5',39,'J7A04','L4','2023-02-28 09:00:00','2023-02-28 12:00:00','水景路','可视化测试',NULL,'1','2023-02-27 09:59:00','2023-02-27 06:44:22','8','10',1,'',NULL),(269,'72','','9',36,'J7A01','L4','2023-02-28 09:00:00','2023-02-28 19:00:00','水景路','数据采集',NULL,'2','2023-02-27 10:04:19','2023-02-27 07:00:05','8','26',1,'',NULL),(270,'138','','5',44,'J7A6','L3+','2023-02-27 15:30:00','2023-02-27 18:00:00','水景路','实车测试',NULL,'1','2023-02-27 07:47:39','2023-02-27 07:10:30','8','16',1,'',NULL),(271,'150','','7',63,'J6VB5','L2','2023-02-28 09:00:00','2023-02-28 18:00:00','水景路','软件测试',NULL,'9','2023-02-27 09:56:28','2023-02-27 07:17:42','8','25',1,'',NULL),(272,'150','','7',63,'J6VB5','L2','2023-03-01 09:00:00','2023-03-01 18:00:00','水景路','软件测试',NULL,'9','2023-03-01 00:51:34','2023-02-27 07:18:53','8','26',1,'',NULL),(273,'32','','5',56,'hs5','红旗','2023-02-28 09:30:00','2023-02-28 18:00:00','水景路','试验用车','北桥至昆山','1','2023-02-27 09:51:02','2023-02-27 07:23:46','8','24',1,'',NULL),(274,'33','','8',36,'J7A01','L4','2023-02-27 13:00:00','2023-02-27 18:00:00','水景路','挂车测试',NULL,'2','2023-02-27 07:34:39','2023-02-27 07:24:16',NULL,NULL,5,NULL,NULL),(275,'78','','9',44,'J7A6','L3+','2023-02-28 09:00:00','2023-02-28 18:00:00','水景路','视觉采集',NULL,'1','2023-02-27 09:50:52','2023-02-27 07:49:41','8','16',1,'',NULL),(276,'55','','2',66,'J6VB3','L3+','2023-02-28 09:20:00','2023-02-28 11:30:00','水晶路','HMI隐私授权测试','原地上下电测试','1','2023-02-28 01:14:37','2023-02-27 07:58:43','8','31',5,'',NULL),(277,'75','','9',44,'J7A6','L3+','2023-03-01 09:00:00','2023-03-01 18:00:00','厂房','视觉检测',NULL,'1','2023-02-28 09:26:03','2023-02-27 08:41:22',NULL,NULL,5,NULL,NULL),(278,'48','','7',37,'J7A02','L4','2023-02-28 08:00:00','2023-02-28 19:00:00','水景路','调试',NULL,'1','2023-02-28 01:29:40','2023-02-27 11:18:09','8','9',5,'',NULL),(279,'135','','3',73,'J6V A2','L2','2023-02-28 09:00:00','2023-02-28 16:30:00','水景路','测试ibox',NULL,'2','2023-03-01 00:47:56','2023-02-28 00:52:59',NULL,NULL,5,NULL,NULL),(280,'42','','7',61,'J6VB3','L2','2023-02-28 13:00:00','2023-02-28 18:00:00','水景路','横向控制调试','太湖隧道-军章','8','2023-02-28 01:18:26','2023-02-28 01:16:56','8','31',1,'',NULL),(281,'62','','5',36,'J7A01','L4','2023-03-01 09:17:00','2023-03-01 12:00:00','水景路','验证激光IP',NULL,'1','2023-02-28 01:58:01','2023-02-28 01:18:12',NULL,NULL,5,NULL,NULL),(282,'36','','5',58,'J6VA9','L3+','2023-02-28 00:10:00','2023-02-28 18:00:00','水景路','测试',NULL,'1','2023-02-28 01:24:40','2023-02-28 01:23:00',NULL,NULL,5,NULL,NULL),(283,'36','','5',58,'J6VA9','L3+','2023-02-28 10:00:00','2023-02-28 18:00:00','水景路','测试',NULL,'1','2023-03-01 00:50:46','2023-02-28 01:31:03','8','11',1,'',NULL),(284,'60','','7',65,'J6VB2','L3+','2023-03-02 09:00:00','2023-03-02 18:00:00','水景路','调试',NULL,'1','2023-03-02 01:02:17','2023-02-28 01:41:58','8','12',1,'',NULL),(285,'60','','7',65,'J6VB2','L3+','2023-03-03 09:00:00','2023-03-03 18:00:00','水景路','调试',NULL,'1','2023-03-02 09:50:45','2023-02-28 01:42:54','8','12',1,'',NULL),(286,'139','','10',42,'J7A4','L3+','2023-02-28 10:00:00','2023-02-28 12:00:00','水景路','测试3d车道线',NULL,'1','2023-02-28 02:00:14','2023-02-28 02:00:14',NULL,NULL,0,NULL,NULL),(287,'154','','11',66,'J6VB3','L3+','2023-02-28 14:00:00','2023-02-28 18:00:00','水景路','融合功能测试',NULL,'2','2023-02-28 02:30:40','2023-02-28 02:30:40',NULL,NULL,0,NULL,NULL),(288,'62','','5',39,'J7A04','L4','2023-02-28 12:57:00','2023-02-28 18:00:00','水景路','调试',NULL,'1','2023-02-28 03:00:04','2023-02-28 03:00:04',NULL,NULL,0,NULL,NULL),(289,'42','','7',60,'J6VB2','L2','2023-02-28 14:30:00','2023-02-28 18:00:00','水景路','横向测试',NULL,'8','2023-02-28 06:54:24','2023-02-28 06:13:03',NULL,NULL,5,NULL,NULL),(290,'117','静态测试，不用动车','5',37,'J7A02','L4','2023-03-01 09:00:00','2023-03-01 18:00:00','水景路','毫米波雷达测试','无，静态测试','1','2023-03-01 00:47:44','2023-02-28 06:33:40','8','9',1,'',NULL),(291,'78','','9',44,'J7A6','L3+','2023-03-02 09:00:00','2023-03-02 18:00:00','水景路','视觉采集',NULL,'1','2023-02-28 09:24:27','2023-02-28 06:34:43',NULL,NULL,5,NULL,NULL),(292,'72','','9',36,'J7A01','L4','2023-03-01 09:00:00','2023-03-01 12:00:00','水景路','拷贝数据',NULL,'1','2023-03-01 00:48:10','2023-02-28 06:42:29','8','11',1,'',NULL),(293,'139','','10',39,'J7A04','L4','2023-03-01 09:00:00','2023-03-01 12:00:00','厂房','标定',NULL,'1','2023-03-01 00:48:27','2023-02-28 07:12:06','8','10',1,'',NULL),(294,'154','','11',58,'J6VA9','L3+','2023-03-01 09:12:00','2023-03-01 18:00:00','水景路','融合功能测试',NULL,'2','2023-03-01 00:54:07','2023-02-28 07:13:02','8','15',1,'',NULL),(295,'141','','10',58,'J6VA9','L3+','2023-03-02 14:00:00','2023-03-02 18:00:00','水景路','在线标定测试',NULL,'1','2023-03-02 01:02:29','2023-02-28 09:50:05','8','21',1,'',NULL),(296,'54','','4',70,'J6VB5','L3+','2023-03-02 09:00:00','2023-03-02 18:00:00','水景路','H2PU标定',NULL,'1','2023-03-02 01:02:55','2023-02-28 10:06:42','8','14',1,'',NULL),(297,'141','','10',39,'J7A04','L4','2023-03-01 14:00:00','2023-03-01 18:00:00','水景路','视觉模块测试',NULL,'1','2023-03-01 00:48:45','2023-02-28 11:05:41','8','10',1,'',NULL),(298,'68','','13',60,'J6VB2','L2','2023-03-01 09:30:00','2023-03-01 12:00:00','水晶路','ZIC测试','环城高速','1','2023-03-01 00:49:16','2023-02-28 23:07:48','8','25',1,'',NULL),(299,'42','','7',61,'J6VB3','L2','2023-03-01 14:00:00','2023-03-01 16:00:00','水景路','导出记录仪数据，有无挂均可',NULL,'8','2023-03-01 03:08:28','2023-03-01 02:03:33',NULL,NULL,5,NULL,NULL),(300,'42','','7',61,'J6VB3','L2','2023-03-01 13:30:00','2023-03-01 18:00:00','水景路','横向测试',NULL,'8','2023-03-01 05:52:53','2023-03-01 03:09:07','8','30',1,'',NULL),(301,'62','','5',58,'J6VA9','L3+','2023-03-03 09:00:00','2023-03-03 18:00:00','水景路','双CGI610数据采集',NULL,'1','2023-03-01 05:52:24','2023-03-01 05:51:12',NULL,NULL,5,NULL,NULL),(302,'151','','10',42,'J7A4','L3+','2023-03-02 09:00:00','2023-03-02 18:00:00','水景路','标定测试',NULL,'1','2023-03-02 01:03:03','2023-03-01 06:00:16','8','13',1,'',NULL),(303,'54','','4',43,'J7A5','L3+','2023-03-02 09:00:00','2023-03-02 18:00:00','水景路','定位数据采集',NULL,'1','2023-03-02 01:03:14','2023-03-01 06:03:21','8','15',1,'',NULL),(304,'62','','5',58,'J6VA9','L3+','2023-03-03 09:05:00','2023-03-03 18:00:00','水景路','CGI610数据采集',NULL,'1','2023-03-02 09:50:37','2023-03-01 06:05:47','8','21',1,'',NULL),(305,'72','','9',36,'J7A01','L4','2023-03-01 15:20:00','2023-03-01 19:00:00','水景路','数据采集',NULL,'2','2023-03-01 07:16:24','2023-03-01 07:13:08','8','11',1,'',NULL),(306,'72','','9',36,'J7A01','L4','2023-03-02 09:00:00','2023-03-02 18:00:00','水景路','数据采集',NULL,'1','2023-03-02 01:03:21','2023-03-01 07:26:16','8','11',1,'',NULL),(307,'48','','7',39,'J7A04','L4','2023-03-02 09:30:00','2023-03-03 18:30:00','水景路','调试',NULL,'1','2023-03-02 01:03:27','2023-03-01 07:43:07','8','10',1,'',NULL),(308,'54','','4',38,'J7A03','L4','2023-03-03 09:00:00','2023-03-03 18:00:00','水景路','定位数据采集',NULL,'1','2023-03-02 09:50:25','2023-03-01 08:24:19','8','22',1,'',NULL),(309,'150','','7',63,'J6VB5','L2','2023-03-02 09:00:00','2023-03-02 18:00:00','水景路','软件测试',NULL,'9','2023-03-02 01:06:55','2023-03-01 08:53:52','8','25',1,'',NULL),(310,'147','','5',70,'J6VB5','L3+','2023-03-03 09:00:00','2023-03-03 18:00:00','水景路','隐私授权测试',NULL,'1','2023-03-01 09:20:20','2023-03-01 09:19:24',NULL,NULL,5,NULL,NULL),(311,'147','','5',65,'J6VB2','L3+','2023-03-06 09:00:00','2023-03-06 18:00:00','水景路','软件测试',NULL,'1','2023-03-06 01:05:59','2023-03-01 09:22:41','8','12',1,'',NULL),(312,'33','','8',36,'J7A01','L4','2023-03-03 09:00:00','2023-03-03 18:00:00','水景路','挂车测试',NULL,'2','2023-03-02 09:18:00','2023-03-01 09:50:51',NULL,NULL,5,NULL,NULL),(313,'105','','11',71,'P1','L3+','2023-03-02 10:00:00','2023-03-02 18:00:00','水景路','感知测试',NULL,'1','2023-03-02 01:24:43','2023-03-02 01:23:10','8','23',1,'',NULL),(314,'105','','11',71,'P1','L3+','2023-03-03 09:00:00','2023-03-03 18:00:00','水景路','感知测试',NULL,'1','2023-03-02 09:50:11','2023-03-02 01:26:07','8','23',1,'',NULL),(315,'154','','11',44,'J7A6','L3+','2023-03-02 14:00:00','2023-03-02 18:00:00','水景路','融合测试',NULL,'2','2023-03-02 05:25:27','2023-03-02 02:33:10','8','16',1,'',NULL),(316,'83','','6',65,'J6VB2','L3+','2023-03-07 09:21:00','2023-03-07 18:00:00','水景路','规划算法测试','太湖','1','2023-03-06 12:09:50','2023-03-02 03:22:14','8','12',1,'',NULL),(317,'135','','3',73,'J6V A2','L2','2023-03-02 14:00:00','2023-03-02 16:30:00','水景路','测试ibox',NULL,'2','2023-03-02 05:25:45','2023-03-02 03:27:05','8','26',1,'',NULL),(318,'126','','13',37,'J7A02','L4','2023-03-03 09:30:00','2023-03-03 18:00:00','漕湖厂房','工控机问题处理',NULL,'1','2023-03-03 01:24:40','2023-03-02 10:41:14','8','132',1,'',NULL),(319,'150','','7',74,'J6VC4','L2','2023-03-03 09:00:00','2023-03-03 18:00:00','维卡斯特车库','软件测试',NULL,'1','2023-03-03 01:26:40','2023-03-03 00:51:58','8','11',1,'',NULL),(320,'151','','10',42,'J7A4','L3+','2023-03-03 07:00:00','2023-03-04 09:00:00','水景路','在线标定测试',NULL,'1','2023-03-03 01:22:20','2023-03-03 01:01:22','8','13',1,'',NULL),(321,'62','','5',44,'J7A6','L3+','2023-03-03 09:00:00','2023-03-03 12:00:00','厂房','测试',NULL,'1','2023-03-03 01:16:00','2023-03-03 01:12:39','8','16',1,'',NULL),(322,'87','','13',43,'J7A5','L3+','2023-03-03 15:00:00','2023-03-03 18:00:00','厂房','GNSS&H2PU标定测试',NULL,'1','2023-03-03 01:33:20','2023-03-03 01:26:12','8','132',1,'',NULL),(323,'138','','5',70,'J6VB5','L3+','2023-03-03 13:30:00','2023-03-03 18:00:00','水景路','实车测试',NULL,'8','2023-03-03 03:26:38','2023-03-03 03:26:38',NULL,NULL,0,NULL,NULL),(324,'62','','5',44,'J7A6','L3+','2023-03-03 14:00:00','2023-03-03 18:00:00','水景路','调试',NULL,'1','2023-03-03 07:19:40','2023-03-03 04:01:07','8','16',1,'',NULL),(325,'33','','8',37,'J7A02','L4','2023-03-06 09:00:00','2023-03-06 18:00:00','水景路','Hesai-AT-128',NULL,'1','2023-03-06 01:05:53','2023-03-03 05:46:12','8','9',1,'',NULL),(326,'54','','4',38,'J7A03','L4','2023-03-07 09:00:00','2023-03-08 18:00:00','水景路','定位验证',NULL,'1','2023-03-06 12:10:01','2023-03-03 08:13:13','8','22',1,'',NULL),(327,'54','','4',39,'J7A04','L4','2023-03-07 09:00:00','2023-03-07 18:00:00','水景路','定位验证',NULL,'1','2023-03-06 12:10:08','2023-03-03 08:21:47','8','10',1,'',NULL),(328,'150','出发前请司机确认记录仪REC绿灯正常闪烁。司机可以使用纵向功能。请司机师傅自行出发测试，工程师不跟车。','7',74,'J6VC4','L2','2023-03-04 09:00:00','2023-03-04 18:00:00','厂房','数据收集','厂房-大盘山天台服务区-厂房','9','2023-03-03 10:02:10','2023-03-03 10:02:10',NULL,NULL,0,NULL,NULL),(329,'60','','7',65,'J6VB2','L3+','2023-03-08 09:00:00','2023-03-10 18:00:00','水景路','调试',NULL,'8','2023-03-08 01:02:46','2023-03-06 00:52:33','8','12',1,'',NULL),(330,'60','','7',70,'J6VB5','L3+','2023-03-06 09:00:00','2023-03-07 18:00:00','水景路','调试',NULL,'8','2023-03-06 01:04:59','2023-03-06 00:54:12','8','14',1,'',NULL),(331,'62','','5',58,'J6VA9','L3+','2023-03-06 09:00:00','2023-03-06 18:00:00','水景路','采数据',NULL,'1','2023-03-06 01:13:13','2023-03-06 01:03:42','8','11',1,'',NULL),(332,'48','','7',39,'J7A04','L4','2023-03-06 09:20:00','2023-03-06 18:20:00','水景路','调试',NULL,'1','2023-03-06 01:16:18','2023-03-06 01:08:40','8','10',1,'',NULL),(333,'42','','7',61,'J6VB3','L2','2023-03-06 09:00:00','2023-03-10 18:00:00','水景路','横向测试',NULL,'8','2023-03-06 01:16:28','2023-03-06 01:13:41','8','26',1,'',NULL),(334,'105','','11',71,'P1','L3+','2023-03-06 10:00:00','2023-03-10 18:00:00','水景路','联合测试',NULL,'1','2023-03-06 01:16:36','2023-03-06 01:14:50','8','23',1,'',NULL),(335,'83','','6',70,'J6VB5','L3+','2023-03-08 09:14:00','2023-03-08 18:00:00','水景路','算法测试','太湖','1','2023-03-08 03:06:26','2023-03-06 01:15:32','8','27',5,'',NULL),(336,'150','','7',74,'J6VC4','L2','2023-03-06 10:00:00','2023-03-06 18:00:00','水景路','数据采集',NULL,'1','2023-03-06 01:28:33','2023-03-06 01:21:58','8','25',1,'',NULL),(337,'109','','10',42,'J7A4','L3+','2023-03-06 09:00:00','2023-03-06 18:00:00','水景路','采集数据','苏虞张','1','2023-03-06 05:21:51','2023-03-06 01:51:20','8','13',1,'',NULL),(338,'32','','5',67,'J6VB4','L3+','2023-03-06 10:00:00','2023-03-06 18:00:00','厂房','移交验收','北桥——渭塘','1','2023-03-06 05:23:15','2023-03-06 01:54:24','8','30',1,'',NULL),(339,'108','','13',43,'J7A5','L3+','2023-03-07 13:00:00','2023-03-07 18:00:00','水景路','摄像头固件更新',NULL,'1','2023-03-06 12:10:19','2023-03-06 01:57:50','8','15',1,'',NULL),(340,'119','','6',38,'J7A03','L4','2023-03-09 09:00:00','2023-03-09 18:40:00','苏州','城区闭环测试',NULL,'1','2023-03-09 01:04:27','2023-03-06 02:41:18','8','22',1,'',NULL),(341,'154','','11',59,'J7A7','L3+','2023-03-06 14:00:00','2023-03-06 18:00:00','水景路','融合性能测试',NULL,'2','2023-03-06 05:22:27','2023-03-06 03:20:34','8','14',1,'',NULL),(342,'87','','13',43,'J7A5','L3+','2023-03-06 13:30:00','2023-03-06 15:00:00','厂房','天陆海GNSS标定 ',NULL,'1','2023-03-06 05:22:40','2023-03-06 03:32:53','8','15',1,'',NULL),(343,'109','','10',42,'J7A4','L3+','2023-03-07 09:00:00','2023-03-07 18:00:00','水景路','采集数据',NULL,'1','2023-03-06 12:10:25','2023-03-06 05:22:15','8','13',1,'',NULL),(344,'139','','10',38,'J7A03','L4','2023-03-06 14:00:00','2023-03-06 18:00:00','水景路','采集数据',NULL,'1','2023-03-06 05:37:28','2023-03-06 05:37:07','8','22',1,'',NULL),(345,'45','','7',66,'J6VB3','L3+','2023-03-06 13:00:00','2023-03-06 18:00:00','水景路','测试雷达',NULL,'1','2023-03-06 05:48:19','2023-03-06 05:48:19',NULL,NULL,0,NULL,NULL),(346,'62','','5',44,'J7A6','L3+','2023-03-06 14:00:00','2023-03-06 18:00:00','厂房门口','CGI610驱动验证',NULL,'1','2023-03-06 06:33:04','2023-03-06 06:33:04',NULL,NULL,0,NULL,NULL),(347,'129','','7',63,'J6VB5','L2','2023-03-06 15:30:00','2023-03-06 18:00:00','厂房','软件测试',NULL,'9','2023-03-06 07:07:49','2023-03-06 07:07:49',NULL,NULL,0,NULL,NULL),(348,'114','','6',66,'J6VB3','L3+','2023-03-07 13:30:00','2023-03-07 18:00:00','水景路','全局规划测试',NULL,'1','2023-03-06 12:11:04','2023-03-06 08:08:20','8','',2,'车辆在泰兴测试',NULL),(349,'68','','13',77,'J6V D1','L2','2023-03-07 09:30:00','2023-03-07 18:00:00','厂房','调试ZIC',NULL,'1','2023-03-07 00:51:53','2023-03-06 08:09:25','8','25',1,'',NULL),(350,'140','','10',37,'J7A02','L4','2023-03-07 09:30:00','2023-03-07 12:00:00','水景路','采集城区相机数据',NULL,'1','2023-03-06 12:11:19','2023-03-06 10:21:05','8','9',1,'',NULL),(351,'154','','11',59,'J7A7','L3+','2023-03-07 09:30:00','2023-03-07 18:00:00','水景路','融合测试',NULL,'2','2023-03-07 00:52:02','2023-03-06 12:13:46','8','14',1,'',NULL),(352,'62','','5',44,'J7A6','L3+','2023-03-07 09:22:00','2023-03-07 18:00:00','厂房','can问题排查',NULL,'1','2023-03-07 01:37:28','2023-03-07 01:22:54','8','16',1,'',NULL),(353,'129','','7',63,'J6VB5','L2','2023-03-07 09:50:00','2023-03-07 18:00:00','水景路','L2功能测试',NULL,'9','2023-03-07 01:38:21','2023-03-07 01:23:04','8','11',1,'',NULL),(354,'62','','5',58,'J6VA9','L3+','2023-03-07 09:26:00','2023-03-07 12:00:00','厂房门口','测试驱动',NULL,'1','2023-03-07 01:38:58','2023-03-07 01:27:09','8','31',1,'',NULL),(355,'32','','5',67,'J6VB4','L3+','2023-03-07 10:00:00','2023-03-07 18:00:00','水景路','验收与数据采集',NULL,'1','2023-03-07 01:37:44','2023-03-07 01:29:04','8','30',1,'',NULL),(356,'62','','5',39,'J7A04','L4','2023-03-08 09:52:00','2023-03-08 16:00:00','1','1',NULL,'1','2023-03-07 01:52:11','2023-03-07 01:52:07',NULL,NULL,5,NULL,NULL),(357,'29','排查约车平台问题，不需要审批','1',39,'J7A04','L4','2023-03-08 09:00:00','2023-03-08 18:00:00','0','排查约车平台问题，不需要审批','0','1','2023-03-07 02:14:44','2023-03-07 02:14:36',NULL,NULL,5,NULL,NULL),(358,'29','排查约车平台问题，不需要审批','7',39,'J7A04','L4','2023-03-09 09:00:00','2023-03-09 18:00:00','0','排查约车平台问题，不需要审批','0','1','2023-03-07 02:16:23','2023-03-07 02:15:39',NULL,NULL,5,NULL,NULL),(359,'29','排查约车平台问题，不需要审批','7',39,'J7A04','L4','2023-03-10 09:00:00','2023-03-10 18:00:00','排查约车平台问题，不需要审批','排查约车平台问题，不需要审批','排查约车平台问题，不需要审批','1','2023-03-07 02:18:15','2023-03-07 02:18:09',NULL,NULL,5,NULL,NULL),(360,'48','','7',39,'J7A04','L4','2023-03-08 09:00:00','2023-03-10 18:30:00','水景路','调试',NULL,'1','2023-03-08 01:02:08','2023-03-07 03:25:12','8','10',1,'',NULL),(361,'62','','5',58,'J6VA9','L3+','2023-03-07 13:00:00','2023-03-07 18:00:00','水景路','CGI610数据采集',NULL,'1','2023-03-07 04:12:22','2023-03-07 04:02:50','8','31',1,'',NULL),(362,'72','','9',36,'J7A01','L4','2023-03-08 16:00:00','2023-03-08 19:00:00','水景路','数据采集',NULL,'2','2023-03-07 07:03:16','2023-03-07 06:42:55',NULL,NULL,5,NULL,NULL),(363,'60','','7',66,'J6VB3','L3+','2023-03-08 09:00:00','2023-03-10 18:00:00','水景路','调试',NULL,'5','2023-03-08 01:03:30','2023-03-07 07:11:39','8','',2,'泰兴',NULL),(364,'150','','7',63,'J6VB5','L2','2023-03-08 09:00:00','2023-03-08 18:00:00','水景路','软件测试',NULL,'5','2023-03-07 09:48:59','2023-03-07 08:09:05',NULL,NULL,5,NULL,NULL),(365,'150','','7',63,'J6VB5','L2','2023-03-08 09:00:00','2023-03-08 18:00:00','水景路','软件测试',NULL,'2','2023-03-08 01:05:01','2023-03-07 09:50:01','8','25',1,'',NULL),(366,'154','','11',58,'J6VA9','L3+','2023-03-08 09:30:00','2023-03-08 18:00:00','水景路','融合测试',NULL,'2','2023-03-08 01:04:00','2023-03-07 10:31:22','8','31',1,'',NULL),(367,'154','','11',59,'J7A7','L3+','2023-03-08 09:30:00','2023-03-08 18:00:00','水景路','融合测试',NULL,'2','2023-03-08 01:00:22','2023-03-07 10:42:41','8','14',1,'',NULL),(368,'60','','7',67,'J6VB4','L3+','2023-03-08 09:00:00','2023-03-10 18:00:00','水景路','调试',NULL,'5','2023-03-08 01:03:03','2023-03-08 01:02:23','8','30',1,'',NULL),(369,'62','','5',44,'J7A6','L3+','2023-03-08 09:00:00','2023-03-08 18:00:00','水景路','V3NA IP变更',NULL,'1','2023-03-08 01:24:32','2023-03-08 01:24:01','8','16',1,'',NULL),(370,'150','','7',77,'J6V D1','L2','2023-03-08 13:30:00','2023-03-08 18:00:00','水景路','软件测试',NULL,'9','2023-03-08 07:26:45','2023-03-08 01:30:21','8','15',1,'',NULL),(371,'83','','6',65,'J6VB2','L3+','2023-03-13 09:05:00','2023-03-13 18:00:00','水景路','算法测试','太湖','1','2023-03-10 05:48:44','2023-03-08 03:05:47',NULL,NULL,5,NULL,NULL),(372,'80','','6',65,'J6VB2','L3+','2023-03-14 09:10:00','2023-03-14 18:00:00','水景路','测试全局引导车速',NULL,'1','2023-03-10 05:53:03','2023-03-08 03:09:07',NULL,NULL,5,NULL,NULL),(373,'150','请司机出发前务必确认记录仪在工作状态，REC和4路can绿灯正常闪烁。工程师不跟车。请司机师傅出发前和控制组赵恺联系，确认情况。','7',77,'J6V D1','L2','2023-03-09 09:00:00','2023-03-09 18:00:00','厂房','测试','厂房-大盘山天台服务区-厂房','9','2023-03-08 10:21:38','2023-03-08 09:34:14','8','11',1,'',NULL),(374,'138','','5',70,'J6VB5','L3+','2023-03-09 09:00:00','2023-03-09 18:10:00','水晶路','实车测试',NULL,'1','2023-03-09 01:12:17','2023-03-08 09:39:06','8','31',1,'',NULL),(375,'154','','11',58,'J6VA9','L3+','2023-03-09 09:30:00','2023-03-09 18:00:00','水景路','融合性能测试',NULL,'1','2023-03-08 11:41:55','2023-03-08 10:51:53','8','27',1,'',NULL),(376,'139','','10',38,'J7A03','L4','2023-03-10 09:00:00','2023-03-10 18:00:00','水景路','采集数据',NULL,'1','2023-03-10 00:59:35','2023-03-09 01:13:27','8','22',1,'',NULL),(377,'135','','3',73,'J6V A2','L2','2023-03-09 14:00:00','2023-03-09 16:30:00','水景路','测试ibox升级',NULL,'2','2023-03-09 02:55:22','2023-03-09 01:22:50','8','16',1,'',NULL),(378,'43','','7',79,'J6V D2','L2','2023-03-09 10:00:00','2023-03-09 18:00:00','水景路','软件测试',NULL,'9','2023-03-09 02:02:02','2023-03-09 01:34:58','8','15',1,'',NULL),(379,'56','','4',43,'J7A5','L3+','2023-03-09 13:30:00','2023-03-09 18:00:00','水景路','数据采集','谓塘','1','2023-03-09 02:56:23','2023-03-09 02:46:46','8','25',1,'',NULL),(380,'56','','4',43,'J7A5','L3+','2023-03-10 09:00:00','2023-03-10 18:00:00','水景路','数据采集','谓塘','1','2023-03-09 02:54:36','2023-03-09 02:47:25','8','23',5,'',NULL),(381,'56','','4',43,'J7A5','L3+','2023-03-10 09:00:00','2023-03-10 18:00:00','水景路','数据采集','谓塘','1','2023-03-09 03:52:05','2023-03-09 03:51:33',NULL,NULL,5,NULL,NULL),(382,'104','','10',39,'J7A04','L4','2023-03-13 09:00:00','2023-03-13 18:00:00','水景路','视觉功能测试',NULL,'1','2023-03-13 00:54:42','2023-03-09 09:37:49','8','10',1,'',NULL),(383,'138','','5',70,'J6VB5','L3+','2023-03-10 09:00:00','2023-03-10 18:00:00','水景路','实车测试',NULL,'8','2023-03-10 00:59:44','2023-03-09 10:34:32','8','31',1,'',NULL),(384,'135','','3',73,'J6V A2','L2','2023-03-10 15:00:00','2023-03-10 17:00:00','水景路','测试ibox升级',NULL,'2','2023-03-10 01:00:02','2023-03-09 11:13:52','8','25',1,'',NULL),(385,'56','','4',43,'J7A5','L3+','2023-03-10 09:00:00','2023-03-10 18:00:00','水景路','采集数据','水景路','1','2023-03-10 00:59:03','2023-03-09 22:47:59','8','15',1,'',NULL),(386,'150','工程师取厂房拷贝记录仪数据，暂不需要安排司机，保证车在厂房就行。','7',77,'J6V D1','L2','2023-03-10 09:00:00','2023-03-10 18:00:00','厂房','记录仪数据拷贝',NULL,'1','2023-03-10 00:58:03','2023-03-10 00:50:55',NULL,NULL,5,NULL,NULL),(387,'150','','7',77,'J6V D1','L2','2023-03-10 09:00:00','2023-03-10 18:00:00','厂房','软件测试',NULL,'9','2023-03-10 01:01:19','2023-03-10 00:59:24','8','16',1,'',NULL),(388,'74','','13',58,'J6VA9','L3+','2023-03-10 10:00:00','2023-03-10 18:00:00','厂房','更新替换H2PU',NULL,'1','2023-03-10 06:05:38','2023-03-10 01:25:14','8','132',1,'',NULL),(389,'83','','6',65,'J6VB2','L3+','2023-03-15 09:00:00','2023-03-15 18:00:00','水景路','算法测试','太湖','1','2023-03-10 05:48:47','2023-03-10 01:43:06',NULL,NULL,5,NULL,NULL),(390,'150','','7',79,'J6V D2','L2','2023-03-10 13:30:00','2023-03-10 18:00:00','水景路','拷数据',NULL,'1','2023-03-10 06:05:56','2023-03-10 02:08:45','8','27',1,'',NULL),(391,'145','需要到水景路','6',66,'J6VB3','L3+','2023-03-14 09:12:00','2023-03-14 18:00:00','苏州','水景路','太湖','1','2023-03-14 00:55:37','2023-03-10 03:13:37','8','31',1,'',NULL),(392,'145','需要到水景路','6',66,'J6VB3','L3+','2023-03-15 09:00:00','2023-03-15 18:00:00','苏州','水景路','太湖','1','2023-03-14 08:58:02','2023-03-10 03:14:49','8','31',1,'',NULL),(393,'62','','5',44,'J7A6','L3+','2023-03-10 11:00:00','2023-03-10 18:00:00','厂房','更换IP测试',NULL,'1','2023-03-10 06:06:41','2023-03-10 03:30:07','8','11',1,'',NULL),(394,'83','','6',66,'J6VB3','L3+','2023-03-13 09:00:00','2023-03-13 18:00:00','水景路','算法测试','太湖','1','2023-03-13 00:54:34','2023-03-10 05:48:36','8','30',1,'',NULL),(395,'60','','7',65,'J6VB2','L3+','2023-03-13 09:00:00','2023-03-17 18:00:00','水景路','调试',NULL,'8','2023-03-13 00:54:16','2023-03-10 06:29:45','8','12',1,'',NULL),(396,'157','','6',38,'J7A03','L4','2023-03-15 09:00:00','2023-03-15 18:00:00','水景路','城区L4测试',NULL,'1','2023-03-14 10:35:48','2023-03-10 07:43:26','8','22',5,'',NULL),(397,'56','','4',67,'J6VB4','L3+','2023-03-13 09:00:00','2023-03-14 18:00:00','水景路','标定','谓塘','1','2023-03-13 00:54:07','2023-03-10 07:48:02','8','31',1,'',NULL),(398,'56','','4',39,'J7A04','L4','2023-03-14 09:00:00','2023-03-15 18:00:00','水景路','数据采集验证','城去','1','2023-03-14 09:13:22','2023-03-10 07:48:56','8','10',5,'',NULL),(399,'56','','4',58,'J6VA9','L3+','2023-03-13 09:00:00','2023-03-13 18:00:00','水景路','标定','城区','1','2023-03-13 00:53:46','2023-03-10 07:49:40','8','27',1,'',NULL),(400,'56','','4',43,'J7A5','L3+','2023-03-13 09:00:00','2023-03-14 18:00:00','水景路','数据采集','城区','1','2023-03-13 01:16:27','2023-03-10 07:50:43','8','21',5,'',NULL),(401,'33','','8',37,'J7A02','L4','2023-03-13 09:00:00','2023-03-13 18:00:00','水景路','hesai',NULL,'1','2023-03-13 00:53:11','2023-03-10 08:37:25','8','9',1,'',NULL),(402,'62','','5',44,'J7A6','L3+','2023-03-13 09:00:00','2023-03-13 12:00:00','水景路','SP测试',NULL,'1','2023-03-13 00:53:04','2023-03-10 09:32:20','8','16',1,'',NULL),(403,'140','','10',38,'J7A03','L4','2023-03-13 09:00:00','2023-03-13 12:00:00','水景路','视觉感知数据采集',NULL,'1','2023-03-13 00:52:50','2023-03-10 10:27:22','8','22',1,'',NULL),(404,'105','','11',71,'P1','L3+','2023-03-11 13:30:00','2023-03-11 18:00:00','水景路','清华同学测试',NULL,'1','2023-03-11 01:00:10','2023-03-10 11:21:37','8','13',1,'',NULL),(405,'139','','10',38,'J7A03','L4','2023-03-13 13:00:00','2023-03-13 18:00:00','水景路','采集数据',NULL,'1','2023-03-13 01:19:03','2023-03-13 01:18:29','8','22',1,'',NULL),(406,'89','','13',63,'J6VB5','L2','2023-03-13 09:00:00','2023-03-13 12:00:00','水景路','ZIC刷软件',NULL,'1','2023-03-13 06:24:45','2023-03-13 02:12:26','8','25',1,'',NULL),(407,'42','带15吨挂','7',61,'J6VB3','L2','2023-03-14 09:00:00','2023-03-14 18:00:00','水景路','横向控制测试',NULL,'5','2023-03-14 00:55:20','2023-03-13 05:39:40','8','26',1,'',NULL),(408,'138','','5',67,'J6VB4','L3+','2023-03-15 09:00:00','2023-03-17 18:00:00','水景路','实车测试',NULL,'2','2023-03-14 08:58:48','2023-03-13 05:58:12','8','30',1,'',NULL),(409,'32','','5',59,'J7A7','L3+','2023-03-14 09:00:00','2023-03-17 18:00:00','水景路','融合弱地图测试',NULL,'1','2023-03-14 00:55:05','2023-03-13 05:58:51','8','14',1,'',NULL),(410,'56','','4',43,'J7A5','L3+','2023-03-13 14:20:00','2023-03-13 18:00:00','水景路','数据采集','水景路','1','2023-03-13 06:24:28','2023-03-13 06:19:30','8','15',1,'',NULL),(411,'144','','11',36,'J7A01','L4','2023-03-17 16:30:00','2023-03-17 17:40:00','水景路','fusion测试',NULL,'2','2023-03-16 02:10:53','2023-03-13 07:45:11',NULL,NULL,5,NULL,NULL),(412,'137','','6',38,'J7A03','L4','2023-03-14 10:00:00','2023-03-14 18:00:00','苏州','demo路段测试','公司-收费站','1','2023-03-13 08:57:56','2023-03-13 07:50:24',NULL,NULL,5,NULL,NULL),(413,'56','','4',43,'J7A5','L3+','2023-03-14 09:00:00','2023-03-14 18:00:00','水景路','数据采集','渭塘','1','2023-03-14 00:54:53','2023-03-13 07:52:03','8','15',1,'',NULL),(414,'56','','4',43,'J7A5','L3+','2023-03-15 09:00:00','2023-03-15 18:00:00','水景路','数据采集','渭塘','1','2023-03-14 08:58:58','2023-03-13 07:53:13','8','15',1,'',NULL),(415,'154','','11',58,'J6VA9','L3+','2023-03-14 09:30:00','2023-03-14 18:00:00','水景路','融合测试',NULL,'1','2023-03-14 00:54:45','2023-03-13 08:59:17','8','27',1,'',NULL),(416,'56','','4',43,'J7A5','L3+','2023-03-16 09:00:00','2023-03-16 18:00:00','水景路','数据采集','谓塘','1','2023-03-15 10:18:39','2023-03-13 09:44:57','8','15',1,'',NULL),(417,'56','','4',43,'J7A5','L3+','2023-03-17 09:00:00','2023-03-17 18:00:00','水景路','数据采集','谓塘','1','2023-03-17 01:27:15','2023-03-13 09:45:56','8','15',1,'',NULL),(418,'62','','5',38,'J7A03','L4','2023-03-14 09:00:00','2023-03-14 12:00:00','水景路','数据采集',NULL,'1','2023-03-14 00:54:37','2023-03-13 09:49:23','8','22',1,'',NULL),(419,'62','','5',38,'J7A03','L4','2023-03-14 13:00:00','2023-03-14 18:00:00','水景路','测试',NULL,'1','2023-03-14 01:28:24','2023-03-14 01:20:14','8','22',1,'',NULL),(420,'138','','5',44,'J7A6','L3+','2023-03-14 13:00:00','2023-03-14 18:00:00','水景路','调试',NULL,'1','2023-03-14 08:06:31','2023-03-14 03:19:04','8','16',1,'',NULL),(421,'56','','4',56,'hs5','红旗','2023-03-14 13:30:00','2023-03-14 18:00:00','公司楼下','数据采集','公司附近','1','2023-03-14 08:06:23','2023-03-14 03:26:26','8','24',1,'',NULL),(422,'56','','4',58,'J6VA9','L3+','2023-03-15 09:00:00','2023-03-15 18:00:00','水景路','标定','苏虞张','1','2023-03-14 08:59:08','2023-03-14 03:35:33','8','27',1,'',NULL),(423,'140','','10',37,'J7A02','L4','2023-03-15 09:00:00','2023-03-15 11:00:00','水景路','采集行人数据',NULL,'1','2023-03-14 08:59:24','2023-03-14 07:58:24','8','9',1,'',NULL),(424,'139','','10',39,'J7A04','L4','2023-03-16 09:00:00','2023-03-16 12:00:00','水景路','采集数据',NULL,'1','2023-03-15 10:21:32','2023-03-14 08:56:34','8','10',1,'',NULL),(425,'56','','4',38,'J7A03','L4','2023-03-16 09:00:00','2023-03-16 12:00:00','水景路','数据标定','公司附近','1','2023-03-15 10:19:13','2023-03-14 09:12:42','8','22',1,'',NULL),(426,'56','','4',39,'J7A04','L4','2023-03-15 13:00:00','2023-03-15 18:00:00','水景路','测试','公司附近','1','2023-03-14 09:27:09','2023-03-14 09:13:53','8','10',1,'',NULL),(427,'150','','7',77,'J6V D1','L2','2023-03-15 09:00:00','2023-03-15 18:00:00','水景路','软件调试',NULL,'9','2023-03-14 10:06:37','2023-03-14 09:49:51','8','26',1,'',NULL),(428,'114','','6',66,'J6VB3','L3+','2023-03-16 09:00:00','2023-03-16 18:00:00','水景路','全局规划测试',NULL,'1','2023-03-15 10:20:05','2023-03-14 10:13:10','8','31',1,'',NULL),(429,'42','带15吨挂','7',61,'J6VB3','L2','2023-03-15 09:00:00','2023-03-15 18:00:00','水景路','横向控制调试',NULL,'5','2023-03-15 01:06:56','2023-03-14 10:14:23','8','16',1,'',NULL),(430,'139','','10',38,'J7A03','L4','2023-03-15 09:00:00','2023-03-15 12:00:00','水景路','采集数据',NULL,'1','2023-03-15 01:45:41','2023-03-15 01:18:16','8','22',1,'',NULL),(431,'82','','9',42,'J7A4','L3+','2023-03-15 13:00:00','2023-03-15 18:00:00','水景路','采集数据','高速','1','2023-03-15 01:45:19','2023-03-15 01:35:36','8','9',1,'',NULL),(432,'82','','9',42,'J7A4','L3+','2023-03-16 09:00:00','2023-03-16 18:00:00','水景路','采集数据','高速','1','2023-03-15 10:21:11','2023-03-15 01:37:01','8','16',1,'',NULL),(433,'62','','5',44,'J7A6','L3+','2023-03-15 09:00:00','2023-03-15 12:00:00','厂房','测试SP',NULL,'1','2023-03-15 01:41:25','2023-03-15 01:38:49','8','10',1,'',NULL),(434,'47','','3',39,'J7A04','L4','2023-03-15 09:00:00','2023-03-15 12:00:00','水景路','lidar数据录制',NULL,'1','2023-03-15 01:49:30','2023-03-15 01:43:19','8','10',1,'',NULL),(435,'54','','4',56,'hs5','红旗','2023-03-15 09:00:00','2023-03-15 18:00:00','天成楼下','H2PU设备验证',NULL,'1','2023-03-15 02:01:15','2023-03-15 02:00:32','8','24',1,'',NULL),(436,'62','','5',38,'J7A03','L4','2023-03-15 13:00:00','2023-03-15 18:00:00','水景路','可视化验证',NULL,'1','2023-03-15 04:02:18','2023-03-15 02:09:13','8','22',1,'',NULL),(437,'89','','13',79,'J6V D2','L2','2023-03-15 09:00:00','2023-03-15 12:00:00','厂房周边','录取底盘报文',NULL,'1','2023-03-15 02:29:40','2023-03-15 02:29:40',NULL,NULL,0,NULL,NULL),(438,'72','','9',36,'J7A01','L4','2023-03-15 14:00:00','2023-03-15 19:00:00','水景路','数据采集',NULL,'2','2023-03-15 02:42:51','2023-03-15 02:30:44',NULL,NULL,5,NULL,NULL),(439,'139','','9',38,'J7A03','L4','2023-03-16 13:00:00','2023-03-16 18:00:00','水景路','采集数据',NULL,'1','2023-03-15 10:19:24','2023-03-15 07:02:02','8','22',1,'',NULL),(440,'43','','7',77,'J6V D1','L2','2023-03-16 09:00:00','2023-03-16 18:00:00','水景路','软件测试',NULL,'9','2023-03-15 10:20:30','2023-03-15 08:39:18','8','30',1,'',NULL),(441,'54','','4',58,'J6VA9','L3+','2023-03-16 09:00:00','2023-03-16 18:00:00','水景路','H2PU标定',NULL,'1','2023-03-15 10:18:11','2023-03-15 09:15:33','8','27',1,'',NULL),(442,'72','','9',36,'J7A01','L4','2023-03-16 14:00:00','2023-03-16 19:00:00','水景路','数据采集',NULL,'2','2023-03-16 03:09:24','2023-03-15 09:36:17','8','10',1,'',NULL),(443,'72','','9',36,'J7A01','L4','2023-03-17 09:00:00','2023-03-17 12:00:00','水景路','数据拷贝',NULL,'1','2023-03-17 01:03:33','2023-03-15 09:37:00',NULL,NULL,5,NULL,NULL),(444,'42','带15吨挂','7',61,'J6VB3','L2','2023-03-16 09:00:00','2023-03-16 18:00:00','水景路','横向控制测试',NULL,'5','2023-03-15 10:17:57','2023-03-15 10:11:45','8','26',1,'',NULL),(445,'160','停在厂房','13',44,'J7A6','L3+','2023-03-16 09:00:00','2023-03-16 12:00:00','厂房','H2PU软件更新','停在厂房','1','2023-03-16 01:55:11','2023-03-16 01:55:11',NULL,NULL,0,NULL,NULL),(446,'144','','11',38,'J7A03','L4','2023-03-17 16:30:00','2023-03-17 17:30:00','水景路','掛車夾角測試',NULL,'2','2023-03-17 01:27:24','2023-03-16 02:10:26','8','22',1,'',NULL),(447,'150','','7',79,'J6V D2','L2','2023-03-16 12:00:00','2023-03-16 18:00:00','水景路','刷机',NULL,'2','2023-03-16 02:11:44','2023-03-16 02:11:44',NULL,NULL,0,NULL,NULL),(448,'150','','7',80,'J6V D3','L2','2023-03-16 12:00:00','2023-03-16 18:00:00','水景路','刷机',NULL,'1','2023-03-16 02:14:43','2023-03-16 02:14:43',NULL,NULL,0,NULL,NULL),(449,'153','','7',61,'J6VB3','L2','2023-03-17 09:30:00','2023-03-17 18:00:00','水景路','中间载荷100kph以下性能标定',NULL,'5','2023-03-17 01:27:34','2023-03-16 09:56:17','8','26',1,'',NULL),(450,'54','','4',58,'J6VA9','L3+','2023-03-17 09:00:00','2023-03-17 18:00:00','水景路','数据采集',NULL,'1','2023-03-17 01:28:08','2023-03-16 10:26:41','8','27',1,'',NULL),(451,'150','','7',77,'J6V D1','L2','2023-03-17 09:00:00','2023-03-17 18:00:00','水景路','软件测试',NULL,'9','2023-03-17 01:30:56','2023-03-16 10:42:02','8','13',1,'',NULL),(452,'60','','7',67,'J6VB4','L3+','2023-03-20 09:00:00','2023-03-24 18:00:00','水景路','调试',NULL,'2','2023-03-20 00:54:42','2023-03-17 00:07:21','8','30',1,'',NULL),(453,'72','','9',37,'J7A02','L4','2023-03-17 09:00:00','2023-03-17 18:00:00','水景路','数据采集',NULL,'1','2023-03-17 01:28:16','2023-03-17 01:04:39','8','9',1,'',NULL),(454,'72','','9',44,'J7A6','L3+','2023-03-17 09:00:00','2023-03-17 18:00:00','水景路','数据采集',NULL,'2','2023-03-17 01:28:27','2023-03-17 01:06:16','8','16',1,'',NULL),(455,'139','','10',38,'J7A03','L4','2023-03-17 09:00:00','2023-03-17 12:00:00','水景路','标定',NULL,'1','2023-03-17 01:28:36','2023-03-17 01:19:03','8','22',1,'',NULL),(456,'114','','6',66,'J6VB3','L3+','2023-03-20 09:00:00','2023-03-20 18:00:00','水景路','规划测试',NULL,'9','2023-03-20 00:54:33','2023-03-17 01:42:45','8','31',1,'',NULL),(457,'80','重挂','6',66,'J6VB3','L3+','2023-03-21 09:00:00','2023-03-21 18:00:00','水景路','专家轨迹采集','北桥-西山','9','2023-03-21 01:03:42','2023-03-17 02:35:46','8','31',1,'',NULL),(458,'139','','10',39,'J7A04','L4','2023-03-17 13:00:00','2023-03-17 18:00:00','水景路','采集数据',NULL,'1','2023-03-17 06:04:59','2023-03-17 05:41:27','8','10',1,'',NULL),(459,'163','','13',70,'J6VB5','L3+','2023-03-20 10:00:00','2023-03-24 18:00:00','水景路','IDPS软件性能测试',NULL,'2','2023-03-17 06:31:23','2023-03-17 05:54:15',NULL,NULL,5,NULL,NULL),(460,'163','','13',70,'J6VB5','L3+','2023-03-20 09:30:00','2023-03-22 18:00:00','水景路','IDPS软件性能测试',NULL,'2','2023-03-20 01:02:48','2023-03-17 06:33:31','8','13',1,'',NULL),(461,'138','','5',65,'J6VB2','L3+','2023-03-20 09:00:00','2023-03-24 18:00:00','水景路','性能测试',NULL,'1','2023-03-20 00:54:20','2023-03-17 08:53:58','8','12',1,'',NULL),(462,'96','','13',54,'J6FA1','环卫','2023-03-20 09:00:00','2023-03-20 17:00:00','挚途大厦楼下','环卫场景和功能对标研究','公司运营线路跑即可','1','2023-03-17 10:08:30','2023-03-17 10:05:46','8','21',1,'',NULL),(463,'137','','6',38,'J7A03','L4','2023-03-21 13:00:00','2023-03-21 19:00:00','水景路','实车测试',NULL,'1','2023-03-21 01:03:51','2023-03-17 11:18:52','8','22',1,'',NULL),(464,'137','','6',38,'J7A03','L4','2023-03-22 13:00:00','2023-03-22 19:00:00','水景路','实车测试',NULL,'1','2023-03-22 01:15:18','2023-03-17 11:19:19','8','22',1,'',NULL),(465,'153','','7',61,'J6VB3','L2','2023-03-20 10:00:00','2023-03-24 18:00:00','水景路','中间载荷100kph以下性能标定',NULL,'5','2023-03-20 01:14:57','2023-03-20 01:07:03','8','26',1,'',NULL),(466,'56','','4',43,'J7A5','L3+','2023-03-20 09:10:00','2023-03-20 18:00:00','水景路','数据采集','太湖','1','2023-03-20 01:14:46','2023-03-20 01:11:02','8','15',1,'',NULL),(467,'56','','4',43,'J7A5','L3+','2023-03-21 09:00:00','2023-03-21 18:00:00','水景路','数据采集','太湖','1','2023-03-21 01:03:58','2023-03-20 01:12:44','8','15',1,'',NULL),(468,'64','','11',66,'J6VB3','L3+','2023-03-22 10:00:00','2023-03-24 18:00:00','水景路','AEB新版测试','水景路','1','2023-03-21 09:16:00','2023-03-20 01:14:21',NULL,NULL,5,NULL,NULL),(469,'164','','2',63,'J6VB5','L2','2023-03-20 09:40:00','2023-03-20 18:00:00','厂房','问题排查',NULL,'2','2023-03-20 01:50:12','2023-03-20 01:31:41','8','16',5,'',NULL),(470,'150','时间排的过来的话请尽量安排张文强师傅开车','7',77,'J6V D1','L2','2023-03-20 11:00:00','2023-03-20 18:00:00','水景路','软件测试',NULL,'9','2023-03-20 01:43:25','2023-03-20 01:40:12','8','9',1,'',NULL),(471,'162','','3',43,'J7A5','L3+','2023-03-22 09:00:00','2023-03-22 12:00:00','水景路','libH2PUDrv新需求验证',NULL,'1','2023-03-22 01:14:51','2023-03-20 01:43:27','8','15',1,'',NULL),(472,'33','','8',36,'J7A01','L4','2023-03-21 09:00:00','2023-03-21 18:00:00','水景路','采数据',NULL,'2','2023-03-21 01:05:35','2023-03-20 01:49:47','8','10',1,'',NULL),(473,'36','','5',59,'J7A7','L3+','2023-03-20 09:00:00','2023-03-20 15:00:00','水景路','调试',NULL,'1','2023-03-20 02:10:33','2023-03-20 02:05:26','8','14',1,'',NULL),(474,'165','','5',54,'J6FA1','环卫','2023-03-21 10:15:00','2023-03-22 17:16:00','水景路','车联网功能测试',NULL,'1','2023-03-20 02:16:36','2023-03-20 02:16:08','8','21',1,'',NULL),(475,'82','','9',42,'J7A4','L3+','2023-03-20 13:00:00','2023-03-20 18:00:00','水景路','数据采集','高速','1','2023-03-20 03:17:30','2023-03-20 02:16:57','8','10',1,'',NULL),(476,'82','','9',42,'J7A4','L3+','2023-03-21 09:00:00','2023-03-21 18:00:00','水景路','数据采集','高速','1','2023-03-21 01:04:11','2023-03-20 02:17:45','8','13',1,'',NULL),(477,'163','','13',58,'J6VA9','L3+','2023-03-23 09:30:00','2023-03-24 18:30:00','水景路','IDPS软件测试',NULL,'1','2023-03-22 10:53:47','2023-03-20 03:02:26','8','27',1,'',NULL),(478,'126','','13',58,'J6VA9','L3+','2023-03-20 13:00:00','2023-03-20 18:00:00','漕湖厂房','外装GNSS调整安装位置并标定',NULL,'1','2023-03-20 05:30:15','2023-03-20 05:29:50','8','27',1,'',NULL),(479,'81','','9',44,'J7A6','L3+','2023-03-21 09:00:00','2023-03-21 18:00:00','水景路','视觉采集',NULL,'2','2023-03-20 07:26:32','2023-03-20 07:26:17',NULL,NULL,5,NULL,NULL),(480,'81','','9',44,'J7A6','L3+','2023-03-21 09:00:00','2023-03-21 18:00:00','水景路','视觉采集',NULL,'1','2023-03-21 01:04:30','2023-03-20 07:27:22','8','16',1,'',NULL),(481,'72','','9',37,'J7A02','L4','2023-03-21 09:00:00','2023-03-21 18:00:00','水景路','数据采集',NULL,'1','2023-03-21 01:04:37','2023-03-20 07:28:15','8','9',1,'',NULL),(482,'141','','10',59,'J7A7','L3+','2023-03-21 13:00:00','2023-03-21 18:00:00','水景路','标定、转模型',NULL,'1','2023-03-21 01:04:47','2023-03-20 10:50:19','8','14',1,'',NULL),(483,'150','','7',77,'J6V D1','L2','2023-03-21 09:00:00','2023-03-21 18:00:00','水景路','软件测试',NULL,'2','2023-03-21 01:05:09','2023-03-21 01:03:46','8','26',1,'',NULL),(484,'54','','4',58,'J6VA9','L3+','2023-03-21 09:00:00','2023-03-21 18:00:00','水景路','定位数据采集',NULL,'1','2023-03-21 01:15:24','2023-03-21 01:15:07','8','27',1,'',NULL),(485,'56','','4',43,'J7A5','L3+','2023-03-22 13:00:00','2023-03-22 18:00:00','水景路','数据采集','太湖','1','2023-03-22 01:15:05','2023-03-21 01:40:13','8','15',1,'',NULL),(486,'56','','4',43,'J7A5','L3+','2023-03-23 09:00:00','2023-03-23 18:00:00','水景路','数据采集','太湖','1','2023-03-22 10:53:55','2023-03-21 01:41:27','8','15',1,'',NULL),(487,'56','','4',43,'J7A5','L3+','2023-03-24 09:00:00','2023-03-24 18:00:00','水景路','数据采集','太湖','1','2023-03-24 01:06:09','2023-03-21 01:42:01','8','15',1,'',NULL),(488,'146','','7',38,'J7A03','L4','2023-03-22 09:00:00','2023-03-22 12:00:00','水景路','L4测试',NULL,'1','2023-03-22 01:14:31','2023-03-21 01:56:55','8','22',1,'',NULL),(489,'146','','7',38,'J7A03','L4','2023-03-23 09:00:00','2023-03-23 18:00:00','水景路','L4测试',NULL,'2','2023-03-22 10:54:04','2023-03-21 01:57:37','8','22',1,'',NULL),(490,'146','','7',38,'J7A03','L4','2023-03-24 09:00:00','2023-03-24 18:00:00','水景路','L4测试',NULL,'1','2023-03-24 01:06:23','2023-03-21 01:59:16','8','22',1,'',NULL),(491,'139','','10',39,'J7A04','L4','2023-03-21 13:00:00','2023-03-21 18:00:00','水景路','采集数据',NULL,'1','2023-03-21 03:12:09','2023-03-21 03:12:09',NULL,NULL,0,NULL,NULL),(492,'72','','9',36,'J7A01','L4','2023-03-22 14:00:00','2023-03-22 19:00:00','水景路','数据采集',NULL,'2','2023-03-22 01:14:06','2023-03-21 04:26:16','8','9',1,'',NULL),(493,'139','','10',39,'J7A04','L4','2023-03-22 09:00:00','2023-03-22 18:00:00','水景路','采集数据',NULL,'1','2023-03-22 01:14:17','2023-03-21 07:23:48','8','10',1,'',NULL),(494,'72','','9',36,'J7A01','L4','2023-03-22 09:00:00','2023-03-22 14:00:00','水景路','数据采集',NULL,'2','2023-03-22 01:13:56','2023-03-21 07:53:37','8','9',1,'',NULL),(495,'75','','9',44,'J7A6','L3+','2023-03-22 09:00:00','2023-03-22 18:00:00','水景路','视觉检测',NULL,'1','2023-03-22 01:13:38','2023-03-21 07:57:37','8','16',1,'',NULL),(496,'78','','9',44,'J7A6','L3+','2023-03-23 09:00:00','2023-03-23 18:00:00','水景路','视觉采集',NULL,'1','2023-03-23 01:13:46','2023-03-21 08:09:29','8','23',1,'',NULL),(497,'72','','9',36,'J7A01','L4','2023-03-23 09:00:00','2023-03-23 12:00:00','水景路','数据拷贝',NULL,'1','2023-03-23 01:11:28','2023-03-21 08:49:54','8','9',1,'',NULL),(498,'64','','11',66,'J6VB3','L3+','2023-03-23 10:00:00','2023-03-24 18:00:00','水景路','AEB调试','水景路','1','2023-03-22 11:00:30','2023-03-21 09:18:51','8','31',1,'',NULL),(499,'42','','7',77,'J6V D1','L2','2023-03-22 09:00:00','2023-03-22 18:00:00','水景路','横向测试',NULL,'2','2023-03-22 01:16:08','2023-03-21 09:38:48','8','14',1,'',NULL),(500,'60','','7',66,'J6VB3','L3+','2023-03-22 09:00:00','2023-03-22 18:00:00','水景路','版本验证',NULL,'2','2023-03-22 01:13:20','2023-03-21 09:42:16','8','31',1,'',NULL),(501,'109','','10',58,'J6VA9','L3+','2023-03-22 09:00:00','2023-03-22 18:00:00','水景路','车道线测试',NULL,'1','2023-03-22 01:13:10','2023-03-21 09:59:22','8','27',1,'',NULL),(502,'62','','5',44,'J7A6','L3+','2023-03-24 09:00:00','2023-03-24 18:00:00','水景路','SP测试',NULL,'1','2023-03-24 01:17:57','2023-03-22 03:47:28','8','23',1,'',NULL),(503,'54','','4',72,'P2','L3+','2023-03-22 14:00:00','2023-03-22 18:00:00','水景路','定位标定',NULL,'1','2023-03-22 06:22:21','2023-03-22 06:15:37',NULL,NULL,5,NULL,NULL),(504,'42','','7',77,'J6V D1','L2','2023-03-23 09:00:00','2023-03-23 18:00:00','水景路','横向控制测试',NULL,'6','2023-03-23 01:35:01','2023-03-22 09:34:48','8','14',1,'',NULL),(505,'80','','6',66,'J6VB3','L3+','2023-03-27 09:00:00','2023-03-27 12:00:00','水景路','重规划优化','北桥-太湖服务区','2','2023-03-27 00:57:31','2023-03-22 10:15:33','8','31',1,'',NULL),(506,'80','','6',66,'J6VB3','L3+','2023-03-27 13:00:00','2023-03-27 18:00:00','水景路','重规划优化','绕城高速','2','2023-03-27 00:57:22','2023-03-22 10:16:29','8','31',1,'',NULL),(507,'142','','10',39,'J7A04','L4','2023-03-23 09:00:00','2023-03-23 12:00:00','水景路','数据采集',NULL,'1','2023-03-23 01:13:59','2023-03-22 11:25:26','8','10',1,'',NULL),(508,'142','','10',39,'J7A04','L4','2023-03-23 13:00:00','2023-03-23 18:00:00','水景路','数据采集',NULL,'1','2023-03-23 01:14:03','2023-03-22 11:25:55','8','10',1,'',NULL),(509,'72','','9',36,'J7A01','L4','2023-03-23 13:00:00','2023-03-23 18:00:00','水景路','数据采集',NULL,'1','2023-03-23 01:06:39','2023-03-22 13:04:13',NULL,NULL,5,NULL,NULL),(510,'56','','4',43,'J7A5','L3+','2023-03-27 09:00:00','2023-03-27 18:00:00','水景路','数据采集','太湖','1','2023-03-27 00:57:45','2023-03-23 01:06:44','8','14',1,'',NULL),(511,'116','','11',72,'P2','L3+','2023-03-23 14:00:00','2023-03-23 18:00:00','水景路','数据采集',NULL,'1','2023-03-23 01:34:26','2023-03-23 01:26:16','8','9',1,'',NULL),(512,'65','','5',39,'J7A04','L4','2023-03-24 09:00:00','2023-03-24 12:00:00','水景路','自启测试',NULL,'1','2023-03-24 01:07:31','2023-03-23 03:15:37','8','10',1,'',NULL),(513,'72','','9',36,'J7A01','L4','2023-03-23 14:00:00','2023-03-23 19:00:00','水景路','车辆测试',NULL,'2','2023-03-23 06:13:43','2023-03-23 06:01:15','8','13',1,'',NULL),(514,'54','','4',72,'P2','L3+','2023-03-24 09:00:00','2023-03-24 18:00:00','水景路','标定',NULL,'1','2023-03-23 07:47:07','2023-03-23 07:39:20',NULL,NULL,5,NULL,NULL),(515,'64','','11',56,'hs5','红旗','2023-03-24 10:00:00','2023-03-24 18:00:00','水景路','配合AEB验证','水景路','1','2023-03-23 08:05:32','2023-03-23 08:04:56','8','24',1,'',NULL),(516,'167','','10',42,'J7A4','L3+','2023-03-24 09:00:00','2023-03-24 19:00:00','水景路','测试车道线模型',NULL,'1','2023-03-24 01:06:55','2023-03-23 08:15:07','8','13',1,'',NULL),(517,'72','','9',36,'J7A01','L4','2023-03-24 09:00:00','2023-03-24 12:00:00','水景路','数据拷贝',NULL,'1','2023-03-24 01:06:44','2023-03-23 08:23:52','8','9',1,'',NULL),(518,'157','','6',38,'J7A03','L4','2023-03-28 13:00:00','2023-03-28 18:00:00','水景路','L4城区测试',NULL,'1','2023-03-28 04:43:09','2023-03-23 08:35:52','8','22',1,'',NULL),(519,'56','','4',43,'J7A5','L3+','2023-03-28 09:00:00','2023-03-28 18:00:00','水景路','数据采集','太湖','1','2023-03-27 11:12:13','2023-03-24 01:15:44','8','14',1,'',NULL),(520,'56','','4',43,'J7A5','L3+','2023-03-29 09:00:00','2023-03-29 18:00:00','水景路','数据采集','太湖','1','2023-03-28 10:08:45','2023-03-24 01:16:28','8','14',1,'',NULL),(521,'56','','4',43,'J7A5','L3+','2023-03-30 09:00:00','2023-03-30 18:00:00','水景路','数据采集','太湖','1','2023-03-30 00:57:51','2023-03-24 01:17:17','8','15',1,'',NULL),(522,'56','','4',43,'J7A5','L3+','2023-03-31 09:00:00','2023-03-31 18:00:00','水景路','数据采集','太湖','1','2023-03-31 01:00:31','2023-03-24 01:19:10','8','15',1,'',NULL),(523,'150','','7',77,'J6V D1','L2','2023-03-24 09:50:00','2023-03-24 18:00:00','水景路','软件测试',NULL,'1','2023-03-24 01:40:01','2023-03-24 01:33:30','8','14',1,'',NULL),(524,'160','启动，打开工程机，停在厂房','13',70,'J6VB5','L3+','2023-03-24 09:00:00','2023-03-24 12:00:00','厂房','软件调试',NULL,'2','2023-03-24 01:50:37','2023-03-24 01:50:37',NULL,NULL,0,NULL,NULL),(525,'143','','5',54,'J6FA1','环卫','2023-03-24 09:00:00','2023-03-24 12:00:00','公司楼下','测试iov',NULL,'1','2023-03-24 08:21:08','2023-03-24 02:55:12','8','21',1,'',NULL),(526,'143','','5',54,'J6FA1','环卫','2023-03-24 13:00:00','2023-03-24 18:00:00','公司楼下','iov测试',NULL,'1','2023-03-24 08:21:17','2023-03-24 02:55:53','8','21',1,'',NULL),(527,'65','','5',39,'J7A04','L4','2023-03-24 13:00:00','2023-03-24 18:00:00','水景路','自启测试',NULL,'1','2023-03-24 03:40:24','2023-03-24 03:36:48',NULL,NULL,5,NULL,NULL),(528,'42','','7',61,'J6VB3','L2','2023-03-25 09:00:00','2023-03-25 18:00:00','水景路','横向控制测试',NULL,'4','2023-03-24 05:37:49','2023-03-24 05:37:49',NULL,NULL,0,NULL,NULL),(529,'114','','6',66,'J6VB3','L3+','2023-03-28 09:00:00','2023-03-28 12:00:00','水景路','规划测试',NULL,'9','2023-03-27 11:46:01','2023-03-24 08:11:27','8','31',5,'',NULL),(530,'114','轻挂','6',66,'J6VB3','L3+','2023-03-28 13:00:00','2023-03-28 18:00:00','水景路','规划测试',NULL,'5','2023-03-27 11:45:32','2023-03-24 08:13:27','8','31',5,'',NULL),(531,'150','','7',77,'J6V D1','L2','2023-03-25 09:00:00','2023-03-25 18:00:00','水景路','软件测试',NULL,'9','2023-03-24 10:10:26','2023-03-24 10:10:26',NULL,NULL,0,NULL,NULL),(532,'166','','12',58,'J6VA9','L3+','2023-03-27 09:00:00','2023-03-27 12:00:00','水景路','IDPS测试',NULL,'1','2023-03-27 00:57:00','2023-03-24 10:14:41','8','27',1,'',NULL),(533,'166','','13',58,'J6VA9','L3+','2023-03-27 13:00:00','2023-03-27 18:00:00','水景路','IDPS测试',NULL,'1','2023-03-27 00:56:22','2023-03-24 10:15:37','8','27',1,'',NULL),(534,'42','满载，预计两天，准备好油和尿素','7',61,'J6VB3','L2','2023-03-27 09:00:00','2023-03-28 18:00:00','水景路','大盘山测试',NULL,'8','2023-03-27 00:56:03','2023-03-26 03:51:39','8','26',1,'',NULL),(535,'43','','7',77,'J6V D1','L2','2023-03-27 09:30:00','2023-03-29 18:30:00','水景路','软件测试',NULL,'4','2023-03-27 01:26:38','2023-03-27 01:12:25','8','11',1,'',NULL),(536,'114','带挂','6',65,'J6VB2','L3+','2023-03-27 09:00:00','2023-03-27 12:00:00','水景路','规划测试',NULL,'9','2023-03-27 01:51:27','2023-03-27 01:39:21','8','12',1,'',NULL),(537,'114','空挂或轻挂','6',65,'J6VB2','L3+','2023-03-27 13:00:00','2023-03-27 18:00:00','水景路','规划测试',NULL,'2','2023-03-27 01:42:31','2023-03-27 01:40:00','8','12',1,'',NULL),(538,'140','','10',38,'J7A03','L4','2023-03-27 13:30:00','2023-03-27 18:00:00',' 水景路','视觉感知数据采集',NULL,'1','2023-03-27 01:51:36','2023-03-27 01:43:55','8','10',1,'',NULL),(539,'54','','4',82,'C1','L3+','2023-03-27 09:00:00','2023-03-27 18:00:00','水景路','标定',NULL,'1','2023-03-27 02:04:23','2023-03-27 01:53:20','8','13',1,'',NULL),(540,'54','','4',83,'C2','L3+','2023-03-27 09:00:00','2023-03-27 18:00:00','水景路','标定',NULL,'1','2023-03-27 01:55:38','2023-03-27 01:54:05',NULL,NULL,5,NULL,NULL),(541,'48','','7',38,'J7A03','L4','2023-03-28 09:00:00','2023-03-28 12:00:00','水景路','调试',NULL,'1','2023-03-27 02:05:30','2023-03-27 02:04:25',NULL,NULL,5,NULL,NULL),(542,'48','','7',39,'J7A04','L4','2023-03-28 09:00:00','2023-03-28 12:00:00','水景路','调试',NULL,'1','2023-03-27 11:12:32','2023-03-27 02:07:18','8','10',1,'',NULL),(543,'48','','7',39,'J7A04','L4','2023-03-28 13:00:00','2023-03-28 18:00:00','水景路','调试',NULL,'1','2023-03-27 11:12:37','2023-03-27 02:08:08','8','10',1,'',NULL),(544,'82','','9',42,'J7A4','L3+','2023-03-27 13:00:00','2023-03-27 18:00:00','水景路','数据采集','高速','1','2023-03-27 02:19:25','2023-03-27 02:12:46','8','30',1,'',NULL),(545,'82','','9',42,'J7A4','L3+','2023-03-28 09:00:00','2023-03-28 18:00:00','水景路','数据采集','高速','1','2023-03-27 02:19:16','2023-03-27 02:13:24','8','30',1,'',NULL),(546,'109','','10',83,'C2','L3+','2023-03-27 09:00:00','2023-03-27 18:00:00','水景路','标定','太湖服务区','1','2023-03-28 01:26:51','2023-03-27 02:15:24',NULL,NULL,5,NULL,NULL),(547,'80','','6',65,'J6VB2','L3+','2023-03-28 09:30:00','2023-03-28 18:00:00','水景路','专家轨迹采集','北桥-西山','2','2023-03-27 11:12:55','2023-03-27 03:20:34','8','12',1,'',NULL),(548,'62','一次带空挂一次带重挂','5',65,'J6VB2','L3+','2023-03-29 09:00:00','2023-03-31 18:00:00','大盘山一次带空挂一次带重挂','空载/满载100码测试','大盘山','8','2023-03-30 10:28:47','2023-03-27 03:48:51','8','12',5,'',NULL),(549,'54','','4',67,'J6VB4','L3+','2023-03-27 09:00:00','2023-03-27 18:00:00','水景路','标定',NULL,'1','2023-03-27 05:37:23','2023-03-27 05:22:16','8','31',1,'',NULL),(550,'81','','9',44,'J7A6','L3+','2023-03-29 09:00:00','2023-03-29 18:00:00','水景路','视觉采集',NULL,'1','2023-03-28 10:09:53','2023-03-27 06:04:23','8','23',1,'',NULL),(551,'88','能在公司楼下就在公司楼下，不行就去水井路，测试时间应该不长','8',38,'J7A03','L4','2023-03-28 09:00:00','2023-03-28 12:00:00','水景路或者公司楼下','测试激光状态监控工具',NULL,'1','2023-03-27 10:17:29','2023-03-27 08:25:24',NULL,NULL,5,NULL,NULL),(552,'48','','7',39,'J7A04','L4','2023-03-29 13:00:00','2023-03-29 18:00:00','水晶路','调试',NULL,'1','2023-03-28 12:34:46','2023-03-27 09:32:46','8','10',1,'',NULL),(553,'48','','7',39,'J7A04','L4','2023-03-30 13:00:00','2023-03-30 18:00:00','水晶路','调试',NULL,'1','2023-03-29 10:08:56','2023-03-27 09:33:09',NULL,NULL,5,NULL,NULL),(554,'166','','13',58,'J6VA9','L3+','2023-03-28 09:00:00','2023-03-29 18:00:00','水景路','IDPS测试',NULL,'1','2023-03-27 11:13:12','2023-03-27 11:03:25','8','27',1,'',NULL),(555,'109','','10',67,'J6VB4','L3+','2023-03-28 09:00:00','2023-03-28 12:00:00','水景路','采集标定数据',NULL,'1','2023-03-28 01:52:00','2023-03-28 01:26:35',NULL,NULL,5,NULL,NULL),(556,'157','','6',38,'J7A03','L4','2023-03-28 10:00:00','2023-03-28 12:00:00','水景路','规划城区测试',NULL,'1','2023-03-28 02:03:20','2023-03-28 01:53:28','8','22',1,'',NULL),(557,'80','','6',67,'J6VB4','L3+','2023-03-28 13:00:00','2023-03-28 18:00:00','水景路','规划2.0测试','北桥-太湖','2','2023-03-28 05:42:31','2023-03-28 01:55:23','8','31',5,'',NULL),(558,'142','','10',42,'J7A4','L3+','2023-03-29 09:00:00','2023-03-29 12:00:00','水景路','测试',NULL,'1','2023-03-28 10:16:17','2023-03-28 02:02:32','8','27',1,'',NULL),(559,'142','','10',42,'J7A4','L3+','2023-03-29 13:00:00','2023-03-29 18:00:00','水景路','测试',NULL,'1','2023-03-28 10:16:08','2023-03-28 02:02:59','8','27',1,'',NULL),(560,'56','','4',82,'C1','L3+','2023-03-28 09:00:00','2023-03-28 18:00:00','水景路','标定','公司附近','1','2023-03-28 03:00:44','2023-03-28 02:54:59','8','31',1,'',NULL),(561,'109','','10',67,'J6VB4','L3+','2023-03-29 09:00:00','2023-03-29 12:00:00','水景路','标定',NULL,'1','2023-03-28 10:19:59','2023-03-28 03:24:34','8','30',1,'',NULL),(562,'80','空挂','6',67,'J6VB4','L3+','2023-03-28 14:00:00','2023-03-28 18:00:00','水景路','规划2.0测试','北桥-太湖','2','2023-03-28 05:43:44','2023-03-28 05:43:23','8','11',1,'',NULL),(563,'158','','6',38,'J7A03','L4','2023-03-29 09:00:00','2023-03-29 12:00:00','水景观路','调试',NULL,'2','2023-03-28 10:12:08','2023-03-28 07:19:43','8','22',1,'',NULL),(564,'168','','9',53,'J6LB2','洗扫车','2023-03-30 08:00:00','2023-03-30 09:30:00','水景路','采集早晚高峰数据',NULL,'1','2023-03-28 07:56:39','2023-03-28 07:56:39',NULL,NULL,0,NULL,NULL),(565,'168','','9',53,'J6LB2','洗扫车','2023-03-30 17:00:00','2023-03-30 19:00:00','水景路','采集早晚高峰数据',NULL,'1','2023-03-28 07:58:02','2023-03-28 07:58:02',NULL,NULL,0,NULL,NULL),(566,'146','','7',38,'J7A03','L4','2023-03-29 13:30:00','2023-03-29 18:00:00','水景路','L4控制测试',NULL,'1','2023-03-28 10:12:16','2023-03-28 08:00:23','8','22',1,'',NULL),(567,'168','','9',53,'J6LB2','洗扫车','2023-03-31 08:00:00','2023-03-31 09:30:00','水景路','采集早晚高峰数据',NULL,'1','2023-03-31 01:03:07','2023-03-28 08:00:57','8','19',1,'',NULL),(568,'168','','9',53,'J6LB2','洗扫车','2023-03-31 17:00:00','2023-03-31 19:00:00','水景路','采集早晚高峰数据',NULL,'1','2023-03-31 00:59:42','2023-03-28 08:02:09','8','19',1,'',NULL),(569,'56','','4',56,'hs5','红旗','2023-03-29 09:00:00','2023-03-29 12:00:00','公司楼下','数据采集','公司附近','1','2023-03-28 10:06:41','2023-03-28 09:11:55','8','24',1,'',NULL),(570,'43','','7',61,'J6VB3','L2','2023-03-29 09:00:00','2023-03-29 18:30:00','水景路','软件测试',NULL,'8','2023-03-28 10:06:25','2023-03-28 09:22:55','8','26',1,'',NULL),(571,'68','','13',82,'C1','L3+','2023-03-29 09:00:00','2023-03-29 12:00:00','厂房','动态标定测试','高速','1','2023-03-28 09:32:37','2023-03-28 09:32:37',NULL,NULL,0,NULL,NULL),(572,'138','','5',83,'C2','L3+','2023-03-29 09:00:00','2023-03-31 18:00:00','厂房','实车测试',NULL,'1','2023-03-28 10:27:23','2023-03-28 10:27:23',NULL,NULL,0,NULL,NULL),(573,'138','','5',82,'C1','L3+','2023-03-29 14:00:00','2023-03-31 18:00:00','厂房','实车测试',NULL,'1','2023-03-28 10:28:41','2023-03-28 10:28:41',NULL,NULL,0,NULL,NULL),(574,'65','','5',39,'J7A04','L4','2023-03-29 09:00:00','2023-03-29 12:00:00','水景路','自启测试',NULL,'1','2023-03-28 12:12:58','2023-03-28 12:11:54','8','10',1,'',NULL),(575,'60','','7',67,'J6VB4','L3+','2023-03-29 13:00:00','2023-03-30 18:00:00','水景路','调试',NULL,'2','2023-03-29 01:58:24','2023-03-29 01:07:23','8','30',1,'',NULL),(576,'82','','9',42,'J7A4','L3+','2023-03-30 09:00:00','2023-03-30 18:00:00','水景路','采集数据','高速','1','2023-03-30 00:58:53','2023-03-29 01:50:19','8','27',1,'',NULL),(577,'80','','6',67,'J6VB4','L3+','2023-03-31 09:20:00','2023-03-31 18:00:00','水景路','规划测试','苏州绕城','2','2023-03-30 08:33:58','2023-03-29 02:12:42',NULL,NULL,5,NULL,NULL),(578,'143','','5',54,'J6FA1','环卫','2023-03-29 13:00:00','2023-03-29 18:00:00','公司楼下','测试数据平台iov',NULL,'1','2023-03-29 05:44:24','2023-03-29 05:44:24',NULL,NULL,0,NULL,NULL),(579,'54','','3',39,'J7A04','L4','2023-03-30 09:00:00','2023-03-30 13:00:00','水景路','定位调试',NULL,'1','2023-03-30 00:59:05','2023-03-29 05:45:46','8','10',1,'',NULL),(580,'43','重载测试','7',61,'J6VB3','L2','2023-03-30 09:00:00','2023-03-30 18:00:00','水景路','软件测试',NULL,'9','2023-03-30 00:59:16','2023-03-29 09:35:12','8','26',1,'',NULL),(581,'75','','9',44,'J7A6','L3+','2023-03-30 09:00:00','2023-03-30 18:00:00','水景路','视觉检测',NULL,'1','2023-03-30 01:02:54','2023-03-30 01:02:29','8','23',1,'',NULL),(582,'42','','7',66,'J6VB3','L3+','2023-03-30 13:00:00','2023-03-30 18:00:00','水景路','控制调试',NULL,'1','2023-03-30 01:46:05','2023-03-30 01:17:03','8','11',1,'',NULL),(583,'140','','10',38,'J7A03','L4','2023-03-30 09:30:00','2023-03-30 12:00:00','厂房','传感器标定',NULL,'1','2023-03-30 01:44:51','2023-03-30 01:24:30','8','22',1,'',NULL),(584,'65','','5',39,'J7A04','L4','2023-03-31 09:00:00','2023-03-31 12:00:00','水景路','可视化测试',NULL,'1','2023-03-31 01:00:20','2023-03-30 01:48:00','8','10',1,'',NULL),(585,'62','','5',56,'hs5','红旗','2023-03-30 13:00:00','2023-03-30 18:00:00','公司','测试',NULL,'1','2023-03-30 03:44:46','2023-03-30 03:43:16','8','24',1,'',NULL),(586,'48','','7',38,'J7A03','L4','2023-03-31 09:00:00','2023-03-31 12:00:00','水景路','调试',NULL,'1','2023-03-31 01:00:09','2023-03-30 05:15:59','8','22',1,'',NULL),(587,'48','','7',38,'J7A03','L4','2023-03-31 13:00:00','2023-03-31 18:00:00','水景路','调试',NULL,'1','2023-03-31 01:00:02','2023-03-30 05:16:23','8','22',1,'',NULL),(588,'48','','7',38,'J7A03','L4','2023-03-30 13:00:00','2023-03-30 18:00:00','水景路','调试',NULL,'1','2023-03-30 05:24:21','2023-03-30 05:16:49','8','10',1,'',NULL),(589,'82','','9',42,'J7A4','L3+','2023-03-31 09:00:00','2023-03-31 18:00:00','水景路','采集数据','高速','1','2023-03-31 01:01:52','2023-03-30 06:39:50','8','27',1,'',NULL),(590,'33','','8',38,'J7A03','L4','2023-04-03 09:00:00','2023-04-03 18:00:00','水景路','测试',NULL,'1','2023-04-03 01:06:07','2023-03-30 08:02:18','8','22',1,'',NULL),(591,'60','带重载挂','7',67,'J6VB4','L3+','2023-03-31 09:00:00','2023-03-31 18:00:00','水景路','版本验证',NULL,'9','2023-03-31 01:01:10','2023-03-30 08:58:24','8','11',1,'',NULL),(592,'169','','1',52,'J6LB1','洒水车','2023-03-30 17:06:00','2023-03-30 17:50:00','无','调试远程交互功能',NULL,'1','2023-03-30 09:07:24','2023-03-30 09:07:04',NULL,NULL,5,NULL,NULL),(593,'80','','6',66,'J6VB3','L3+','2023-04-04 09:10:00','2023-04-04 18:00:00','水景路','规划2.0测试','苏州绕城','2','2023-04-04 00:58:15','2023-03-30 09:26:58','8','9',1,'',NULL),(594,'42','','7',66,'J6VB3','L3+','2023-03-31 09:00:00','2023-03-31 12:00:00','水景路','算法逻辑验证',NULL,'2','2023-03-31 01:01:32','2023-03-30 09:42:01','8','14',1,'',NULL),(595,'83','','6',66,'J6VB3','L3+','2023-04-03 09:00:00','2023-04-03 18:06:00','水景路','测试','太湖往返','1','2023-04-03 01:06:31','2023-03-30 10:06:39','8','30',1,'',NULL),(596,'161','请帮忙安排带重挂哦','5',65,'J6VB2','L3+','2023-03-31 09:00:00','2023-03-31 17:50:00','水景路','测试隧道画龙',NULL,'8','2023-03-31 01:24:59','2023-03-31 01:11:35','8','12',1,'',NULL),(597,'169','','1',58,'J6VA9','L3+','2023-03-31 09:14:00','2023-03-31 12:14:00','厂房','远程交互调试',NULL,'1','2023-03-31 01:24:41','2023-03-31 01:15:32','8','132',1,'',NULL),(598,'109','','10',39,'J7A04','L4','2023-03-31 13:00:00','2023-03-31 18:00:00','水景路','测试交通标识牌检测',NULL,'1','2023-03-31 05:45:16','2023-03-31 02:39:08','8','10',1,'',NULL),(599,'150','','7',61,'J6VB3','L2','2023-03-31 14:00:00','2023-04-01 18:00:00','厂房','软件测试',NULL,'9','2023-03-31 05:45:25','2023-03-31 05:34:27','8','26',1,'',NULL),(600,'56','','4',43,'J7A5','L3+','2023-04-03 09:00:00','2023-04-03 18:00:00','水景路','数据采集','公司附近','1','2023-04-03 01:05:55','2023-04-03 00:40:40','8','15',1,'',NULL),(601,'56','','4',43,'J7A5','L3+','2023-04-04 09:00:00','2023-04-04 18:00:00','水景路','数据采集','公司附近','1','2023-04-04 00:55:49','2023-04-03 00:41:10','8','15',1,'',NULL),(602,'56','','4',43,'J7A5','L3+','2023-04-06 09:00:00','2023-04-06 18:00:00','水景路','数据采集','公司附近','1','2023-04-04 10:47:02','2023-04-03 00:41:55','8','15',1,'',NULL),(603,'62','','5',83,'C2','L3+','2023-04-03 09:00:00','2023-04-03 12:00:00','水景路','取数据',NULL,'1','2023-04-03 01:18:32','2023-04-03 01:02:27','8','14',1,'',NULL),(604,'62','','5',82,'C1','L3+','2023-04-03 09:00:00','2023-04-03 12:00:00','水景路','取数据',NULL,'1','2023-04-03 01:18:20','2023-04-03 01:02:47','8','27',1,'',NULL),(605,'60','','7',67,'J6VB4','L3+','2023-04-03 09:00:00','2023-04-04 18:00:00','水景路','调试',NULL,'8','2023-04-03 01:05:38','2023-04-03 01:04:25','8','31',1,'',NULL),(606,'148','','2',61,'J6VB3','L2','2023-04-03 09:30:00','2023-04-03 18:00:00','水景路','L2 V3.05.00版本软件转测前测试',NULL,'1','2023-04-03 01:18:08','2023-04-03 01:11:48','8','26',1,'',NULL),(607,'62','需要保障车','5',65,'J6VB2','L3+','2023-04-03 09:00:00','2023-04-04 18:00:00','大盘山','大盘山','大盘山','8','2023-04-04 00:56:05','2023-04-03 01:25:50','8','31',1,'',NULL),(608,'141','','10',39,'J7A04','L4','2023-04-03 09:30:00','2023-04-04 18:00:00','水景路','交通标志牌测试',NULL,'1','2023-04-03 01:35:05','2023-04-03 01:29:05','8','10',1,'',NULL),(609,'109','','10',82,'C1','L3+','2023-04-03 13:00:00','2023-04-03 16:00:00','水景路','测试',NULL,'1','2023-04-03 01:59:00','2023-04-03 01:40:57','8','27',1,'',NULL),(610,'75','','9',44,'J7A6','L3+','2023-04-03 13:00:00','2023-04-03 18:00:00','水景路','视觉检测',NULL,'1','2023-04-03 04:50:58','2023-04-03 02:56:12','8','16',5,'',NULL),(611,'140','','10',38,'J7A03','L4','2023-04-04 09:00:00','2023-04-04 12:00:00','水景路','红绿灯感知测距',NULL,'1','2023-04-04 00:56:52','2023-04-03 03:35:57','8','22',1,'',NULL),(612,'42','','7',38,'J7A03','L4','2023-04-04 13:00:00','2023-04-04 18:00:00','水景路','控制调试',NULL,'8','2023-04-03 07:10:06','2023-04-03 03:41:51',NULL,NULL,5,NULL,NULL),(613,'60','','7',83,'C2','L3+','2023-04-03 13:00:00','2023-04-03 18:00:00','水景路','调试',NULL,'1','2023-04-03 04:32:04','2023-04-03 03:46:32','8','14',1,'',NULL),(614,'56','','4',72,'P2','L3+','2023-04-03 13:00:00','2023-04-03 18:00:00','水景路','标定','渭塘','1','2023-04-03 04:41:40','2023-04-03 04:01:10','8','13',1,'',NULL),(615,'75','','9',44,'J7A6','L3+','2023-04-03 13:00:00','2023-04-03 18:00:00','水景路','视觉检测',NULL,'1','2023-04-03 08:11:21','2023-04-03 04:51:51','8','9',1,'',NULL),(616,'81','','9',36,'J7A01','L4','2023-04-04 09:00:00','2023-04-04 18:00:00','水景路','视觉采集',NULL,'1','2023-04-03 06:21:41','2023-04-03 05:28:35',NULL,NULL,5,NULL,NULL),(617,'81','','9',44,'J7A6','L3+','2023-04-04 09:00:00','2023-04-04 18:00:00','水景路','视觉采集',NULL,'1','2023-04-04 00:57:05','2023-04-03 06:23:47','8','16',1,'',NULL),(618,'42','','7',38,'J7A03','L4','2023-04-04 13:00:00','2023-04-04 18:00:00','水景路','控制调试',NULL,'4','2023-04-04 00:56:41','2023-04-03 07:10:33','8','22',1,'',NULL),(619,'82','','9',42,'J7A4','L3+','2023-04-04 09:00:00','2023-04-04 18:00:00','水景路','采集数据','高速','1','2023-04-04 00:56:22','2023-04-03 07:52:29','8','13',1,'',NULL),(620,'80','','6',66,'J6VB3','L3+','2023-04-06 09:00:00','2023-04-06 18:00:00','水景路','低重叠率跟车',NULL,'2','2023-04-06 01:05:10','2023-04-03 09:27:17','8','',2,'车在泰兴',NULL),(621,'80','','6',56,'hs5','红旗','2023-04-06 09:00:00','2023-04-06 12:00:00','水景路','低重叠率跟车，目标车',NULL,'1','2023-04-04 10:46:10','2023-04-03 09:28:26','8','24',1,'',NULL),(622,'55','','2',82,'C1','L3+','2023-04-04 09:20:00','2023-04-04 11:00:00','水景路','排查PTCAN路 ADU无外发报文','原地测试','2','2023-04-04 01:10:31','2023-04-04 01:07:57','8','14',1,'',NULL),(623,'138','','5',83,'C2','L3+','2023-04-04 09:00:00','2023-04-04 18:00:00','水景路','验车',NULL,'1','2023-04-04 01:17:32','2023-04-04 01:14:58','8','27',1,'',NULL),(624,'160','打火停在厂房，工程机传感器等开关都打开','13',59,'J7A7','L3+','2023-04-04 13:00:00','2023-04-04 18:00:00','厂房','更新软件','停在厂房','1','2023-04-04 03:10:19','2023-04-04 03:10:19',NULL,NULL,0,NULL,NULL),(625,'42','','7',38,'J7A03','L4','2023-04-06 09:00:00','2023-04-06 18:00:00','水景路','控制调试',NULL,'4','2023-04-04 10:44:25','2023-04-04 03:12:04','8','22',1,'',NULL),(626,'160','停在厂房，点火。','13',57,'J6VA8','L3+','2023-04-04 13:00:00','2023-04-04 18:00:00','厂房','更新软件',NULL,'1','2023-04-04 03:15:08','2023-04-04 03:15:08',NULL,NULL,0,NULL,NULL),(627,'160','停在厂房，点火。','13',58,'J6VA9','L3+','2023-04-04 13:00:00','2023-04-04 18:00:00','厂房','更新软件',NULL,'1','2023-04-04 03:15:55','2023-04-04 03:15:55',NULL,NULL,0,NULL,NULL),(628,'62','','5',67,'J6VB4','L3+','2023-04-06 09:00:00','2023-04-06 18:00:00','现在厂房等系统维修好了，再来水景路','测试',NULL,'1','2023-04-06 01:28:14','2023-04-04 07:47:50','8','12',1,'',NULL),(629,'114','','6',66,'J6VB3','L3+','2023-04-07 13:00:00','2023-04-07 18:00:00','水景路','nudge测试',NULL,'2','2023-04-07 01:24:45','2023-04-04 09:32:19','8','12',5,'',NULL),(630,'56','','4',43,'J7A5','L3+','2023-04-07 09:00:00','2023-04-07 18:00:00','水景路','数据采集','谓塘','1','2023-04-06 02:01:21','2023-04-06 00:44:28',NULL,NULL,5,NULL,NULL),(631,'56','','4',44,'J7A6','L3+','2023-04-06 09:00:00','2023-04-06 12:00:00','水景路','数据采集','公司附近','1','2023-04-06 01:27:40','2023-04-06 01:18:58','8','16',1,'',NULL),(632,'80','','6',65,'J6VB2','L3+','2023-04-06 09:00:00','2023-04-06 12:00:00','水景路','重叠率',NULL,'1','2023-04-06 01:27:30','2023-04-06 01:24:01','8','30',1,'',NULL),(633,'80','','6',67,'J6VB4','L3+','2023-04-07 09:00:00','2023-04-07 18:00:00','水景路','低重叠率跟车',NULL,'1','2023-04-07 01:07:00','2023-04-06 01:29:23','8','30',1,'',NULL),(634,'138','','5',65,'J6VB2','L3+','2023-04-06 13:00:00','2023-04-14 18:00:00','厂房','沪广测试','沪广','8','2023-04-06 01:34:49','2023-04-06 01:34:49',NULL,NULL,0,NULL,NULL),(635,'151','','10',42,'J7A4','L3+','2023-04-07 09:30:00','2023-04-07 18:00:00','水景路','标定测试',NULL,'1','2023-04-07 02:23:56','2023-04-06 06:21:21','8','13',5,'',NULL),(636,'54','','4',72,'P2','L3+','2023-04-06 14:00:00','2023-04-06 18:00:00','水景路','定位标定',NULL,'1','2023-04-06 06:48:32','2023-04-06 06:48:32',NULL,NULL,0,NULL,NULL),(637,'54','','4',70,'J6VB5','L3+','2023-04-07 09:00:00','2023-04-07 18:00:00','新厂房','定位标定验证',NULL,'1','2023-04-07 01:09:28','2023-04-06 07:05:52','8','14',1,'',NULL),(638,'83','','6',66,'J6VB3','L3+','2023-04-11 09:00:00','2023-04-11 18:00:00','水景路','测试',NULL,'1','2023-04-11 01:21:37','2023-04-06 07:16:53','8','14',1,'',NULL),(639,'150','','7',61,'J6VB3','L2','2023-04-07 09:00:00','2023-04-07 18:00:00','水景路','软件测试',NULL,'5','2023-04-07 01:08:04','2023-04-06 09:27:32','8','31',1,'',NULL),(640,'62','','5',67,'J6VB4','L3+','2023-04-10 09:00:00','2023-04-10 18:00:00','水景路','数据采集',NULL,'1','2023-04-07 01:11:09','2023-04-07 01:11:09',NULL,NULL,0,NULL,NULL),(641,'139','','10',39,'J7A04','L4','2023-04-07 10:00:00','2023-04-07 18:00:00','水景路','采集城区数据',NULL,'1','2023-04-07 01:54:53','2023-04-07 01:22:48','8','10',1,'',NULL),(642,'80','','6',56,'hs5','红旗','2023-04-07 14:00:00','2023-04-07 16:00:00','水景路','低重叠率跟车',NULL,'1','2023-04-07 02:28:28','2023-04-07 02:16:09','8','24',1,'',NULL),(643,'151','','10',58,'J6VA9','L3+','2023-04-07 18:00:00','2023-04-07 18:00:00','水景路','标定测试',NULL,'1','2023-04-07 02:31:10','2023-04-07 02:20:57',NULL,NULL,5,NULL,NULL),(644,'151','','10',58,'J6VA9','L3+','2023-04-07 13:00:00','2023-04-07 18:00:00','水景路','标定测试',NULL,'1','2023-04-07 02:34:14','2023-04-07 02:32:40','8','27',1,'',NULL),(645,'42','','7',38,'J7A03','L4','2023-04-07 13:00:00','2023-04-07 18:00:00','水景路','控制调试',NULL,'4','2023-04-07 03:28:31','2023-04-07 03:26:54','8','22',1,'',NULL),(646,'160','上电','13',64,'J6VB1','L3+','2023-04-07 13:00:00','2023-04-07 18:00:00','厂房','更新软件',NULL,'1','2023-04-07 05:13:26','2023-04-07 05:13:26',NULL,NULL,0,NULL,NULL),(647,'160','上电','13',66,'J6VB3','L3+','2023-04-07 13:00:00','2023-04-07 18:00:00','厂房','软件升级',NULL,'1','2023-04-07 05:19:58','2023-04-07 05:19:58',NULL,NULL,0,NULL,NULL),(648,'137','','6',38,'J7A03','L4','2023-04-12 13:00:00','2023-04-12 19:00:00','水景路','闭环测试','公司-收费站','1','2023-04-12 01:16:44','2023-04-07 10:57:45','8','9',1,'',NULL),(649,'151','','10',58,'J6VA9','L3+','2023-04-10 09:22:00','2023-04-10 18:00:00','厂房','测试标定',NULL,'1','2023-04-09 14:24:04','2023-04-09 14:24:04',NULL,NULL,0,NULL,NULL),(650,'62','','5',72,'P2','L3+','2023-04-10 09:00:00','2023-04-10 12:00:00','水景路','激光时间同步验证',NULL,'1','2023-04-10 01:17:55','2023-04-10 01:17:55',NULL,NULL,0,NULL,NULL),(651,'54','','4',64,'J6VB1','L3+','2023-04-10 09:00:00','2023-04-10 18:00:00','新厂房','定位标定功能验证',NULL,'1','2023-04-10 01:21:46','2023-04-10 01:21:46',NULL,NULL,0,NULL,NULL),(652,'33','','8',38,'J7A03','L4','2023-04-10 13:00:00','2023-04-10 18:00:00','水景路','采数据',NULL,'2','2023-04-10 01:38:49','2023-04-10 01:38:49',NULL,NULL,0,NULL,NULL),(653,'140','','10',38,'J7A03','L4','2023-04-11 09:00:00','2023-04-11 12:00:00','水景路','采集新demo路线红绿灯感知数据','L4-新demo路线','1','2023-04-11 01:20:51','2023-04-10 02:01:34','8','10',1,'',NULL),(654,'82','','9',42,'J7A4','L3+','2023-04-11 09:00:00','2023-04-12 18:00:00','水景路','采集数据','高速','1','2023-04-11 01:19:49','2023-04-10 02:33:05','8','12',1,'',NULL),(655,'33','','8',38,'J7A03','L4','2023-04-11 13:00:00','2023-04-11 18:00:00','水景路','录包测试',NULL,'1','2023-04-11 01:21:01','2023-04-10 03:35:23','8','10',1,'',NULL),(656,'62','','5',67,'J6VB4','L3+','2023-04-11 09:00:00','2023-04-11 18:00:00','水景路','数据采集',NULL,'1','2023-04-10 10:16:54','2023-04-10 05:56:53',NULL,NULL,5,NULL,NULL),(657,'43','','7',61,'J6VB3','L2','2023-04-10 15:30:00','2023-04-10 18:00:00','水晶路','软件测试',NULL,'8','2023-04-10 06:45:47','2023-04-10 06:45:47',NULL,NULL,0,NULL,NULL),(658,'139','','10',58,'J6VA9','L3+','2023-04-11 09:00:00','2023-04-11 18:00:00','水景路','车道线测试',NULL,'1','2023-04-11 01:19:11','2023-04-10 10:30:13','8','27',1,'',NULL),(659,'105','','11',72,'P2','L3+','2023-04-11 10:00:00','2023-04-11 18:00:00','水景路','感知i验证',NULL,'1','2023-04-11 01:19:04','2023-04-10 11:48:58','8','23',1,'',NULL),(660,'141','','10',39,'J7A04','L4','2023-04-11 13:00:00','2023-04-11 18:00:00','水景路','交通标识牌测试',NULL,'1','2023-04-11 05:13:31','2023-04-11 01:28:30','8','26',1,'',NULL),(661,'171','','11',37,'J7A02','L4','2023-04-11 09:00:00','2023-04-11 12:00:00','水景路','4D毫米波雷达驱动调试',NULL,'1','2023-04-11 01:45:03','2023-04-11 01:41:10','8','9',1,'',NULL),(662,'151','时间允许的话请安排张文强师傅','10',42,'J7A4','L3+','2023-04-13 09:00:00','2023-04-14 18:00:00','厂房','数据采集',NULL,'1','2023-04-13 01:00:28','2023-04-11 01:41:50','8','13',1,'',NULL),(663,'60','','7',67,'J6VB4','L3+','2023-04-11 13:30:00','2023-04-11 18:00:00','水景路','版本验证',NULL,'8','2023-04-11 01:52:26','2023-04-11 01:48:18','8','11',1,'',NULL),(664,'172','','6',71,'P1','L3+','2023-04-12 09:30:00','2023-04-12 15:00:00','水景路','编队项目换道测试',NULL,'1','2023-04-11 03:17:47','2023-04-11 03:15:43','8','15',1,'',NULL),(665,'75','','9',44,'J7A6','L3+','2023-04-12 08:00:00','2023-04-12 18:00:00','水景路','视觉检测',NULL,'1','2023-04-12 01:16:53','2023-04-11 03:20:00','8','16',1,'',NULL),(666,'158','','6',38,'J7A03','L4','2023-04-12 09:00:00','2023-04-12 12:00:00','水景路','调试',NULL,'2','2023-04-12 01:16:37','2023-04-11 07:29:10','8','9',1,'',NULL),(667,'60','','7',67,'J6VB4','L3+','2023-04-12 09:00:00','2023-04-12 18:00:00','水景路','版本验证',NULL,'8','2023-04-12 01:15:21','2023-04-11 07:43:06','8','31',1,'',NULL),(668,'43','','7',39,'J7A04','L4','2023-04-12 09:00:00','2023-04-12 18:00:00','水景路','软件测试',NULL,'1','2023-04-12 01:14:55','2023-04-11 08:10:01','8','10',1,'',NULL),(669,'109','','10',58,'J6VA9','L3+','2023-04-12 09:00:00','2023-04-12 18:00:00','水景路','测试车道线',NULL,'1','2023-04-12 01:14:47','2023-04-11 10:04:37','8','27',1,'',NULL),(670,'54','','4',66,'J6VB3','L3+','2023-04-12 09:00:00','2023-04-12 18:00:00','新厂房','定位标定验证',NULL,'1','2023-04-12 01:14:40','2023-04-12 01:14:07','8','',2,'车在泰兴',NULL),(671,'105','','11',72,'P2','L3+','2023-04-12 10:00:00','2023-04-12 11:30:00','水景路','激光IP更改',NULL,'1','2023-04-12 01:17:08','2023-04-12 01:15:00','8','23',1,'',NULL),(672,'140','','10',38,'J7A03','L4','2023-04-13 09:00:00','2023-04-13 12:00:00','水景路','测试行人测距算法模块',NULL,'1','2023-04-13 01:00:07','2023-04-12 01:21:49','8','9',1,'',NULL),(673,'54','','4',64,'J6VB1','L3+','2023-04-12 09:00:00','2023-04-12 18:00:00','新厂房','定位标定验证',NULL,'1','2023-04-12 01:58:53','2023-04-12 01:25:06','8','132',1,'',NULL),(674,'89','','13',34,'J7A11','L4（demo）','2023-04-13 09:00:00','2023-04-13 12:00:00','厂房','拆autobox',NULL,'1','2023-04-13 00:59:55','2023-04-12 01:30:24','8','132',1,'',NULL),(675,'89','','13',72,'P2','L3+','2023-04-13 13:00:00','2023-04-13 18:00:00','厂房','安装autobox',NULL,'1','2023-04-13 00:59:45','2023-04-12 01:31:26','8','132',1,'',NULL),(676,'129','','7',61,'J6VB3','L2','2023-04-12 14:00:00','2023-04-12 18:00:00','水景路','L2功能测试','厂房出发上高速往返太湖服务区后返回水景路','9','2023-04-12 01:58:26','2023-04-12 01:37:16','8','26',1,'',NULL),(677,'129','尽量安排熟悉路线的师傅（陈明刚）开','7',61,'J6VB3','L2','2023-04-13 09:39:00','2023-04-13 18:00:00','新厂房','L2测试','厂房-太湖-安吉-长安-太湖-厂房','9','2023-04-12 01:42:26','2023-04-12 01:40:26','8','26',1,'',NULL),(678,'173','','13',66,'J6VB3','L3+','2023-04-12 14:00:00','2023-04-12 16:00:00','水景路','录HMI表现',NULL,'1','2023-04-12 02:54:39','2023-04-12 02:37:43','8','',2,'车在泰兴',NULL),(679,'173','','13',70,'J6VB5','L3+','2023-04-12 14:00:00','2023-04-12 16:00:00','水景路','HMI',NULL,'1','2023-04-12 03:42:55','2023-04-12 02:55:52','8','12',1,'',NULL),(680,'80','','6',66,'J6VB3','L3+','2023-04-13 15:00:00','2023-04-13 18:00:00','水景路','规划测试',NULL,'1','2023-04-13 00:59:32','2023-04-12 08:21:54','8','31',1,'',NULL),(681,'80','','6',66,'J6VB3','L3+','2023-04-14 14:00:00','2023-04-14 18:00:00','水景路','规划测试',NULL,'1','2023-04-14 01:03:34','2023-04-12 08:22:34','8','27',1,'',NULL),(682,'145','需要先到水景路','6',66,'J6VB3','L3+','2023-04-13 09:00:00','2023-04-13 12:00:00','苏州','水景路','太湖路线','1','2023-04-13 00:59:27','2023-04-12 09:08:31','8','31',1,'',NULL),(683,'172','','6',71,'P1','L3+','2023-04-13 09:30:00','2023-04-13 18:00:00','水景路','编队项目换道测试',NULL,'1','2023-04-13 00:59:14','2023-04-12 09:57:41','8','23',1,'',NULL),(684,'158','','6',38,'J7A03','L4','2023-04-13 13:00:00','2023-04-13 18:00:00','水景路','测试规划',NULL,'2','2023-04-13 01:00:15','2023-04-12 10:23:22','8','9',1,'',NULL),(685,'109','','10',58,'J6VA9','L3+','2023-04-13 09:00:00','2023-04-13 18:00:00','水景路','测试',NULL,'1','2023-04-13 00:58:57','2023-04-12 10:27:16','8','27',1,'',NULL),(686,'145','需要到水景路','6',64,'J6VB1','L3+','2023-04-13 13:00:00','2023-04-13 18:00:00','水景路','水景路','太湖','1','2023-04-13 01:45:48','2023-04-13 01:38:28','8','31',1,'',NULL),(687,'135','','3',73,'J6V A2','L2','2023-04-13 14:30:00','2023-04-13 15:30:00','水景路','测试ibox定位',NULL,'2','2023-04-13 03:06:54','2023-04-13 03:06:54',NULL,NULL,0,NULL,NULL),(688,'65','','5',39,'J7A04','L4','2023-04-14 09:00:00','2023-04-14 12:00:00','水景路','数据录制测试',NULL,'1','2023-04-14 01:03:11','2023-04-13 07:02:20','8','10',1,'',NULL),(689,'140','','10',38,'J7A03','L4','2023-04-14 09:00:00','2023-04-14 12:00:00','水景路','行人测距算法实车测试',NULL,'1','2023-04-14 01:03:01','2023-04-13 08:28:16','8','23',1,'',NULL),(690,'63','','7',67,'J6VB4','L3+','2023-04-14 13:30:00','2023-04-14 18:00:00','水景路','SP测试',NULL,'8','2023-04-14 01:02:28','2023-04-13 10:10:36','8','11',1,'',NULL),(691,'129','','7',61,'J6VB3','L2','2023-04-14 09:00:00','2023-04-14 18:00:00','厂房','节油测试',NULL,'9','2023-04-14 00:55:25','2023-04-13 10:51:00','8','26',1,'',NULL),(692,'80','','6',70,'J6VB5','L3+','2023-04-14 14:00:00','2023-04-14 18:00:00','水景路','规划测试',NULL,'1','2023-04-14 03:17:19','2023-04-14 01:08:03','8','15',1,'',NULL),(693,'174','','9',58,'J6VA9','L3+','2023-04-14 13:30:00','2023-04-14 18:00:00','水景路','测试',NULL,'1','2023-04-14 03:16:43','2023-04-14 01:46:40','8','14',1,'',NULL),(694,'145','需要到水景路','6',66,'J6VB3','L3+','2023-04-17 09:00:00','2023-04-17 18:00:00','水景路','水景路','太湖','1','2023-04-17 01:00:40','2023-04-14 07:32:17','8','14',1,'',NULL),(695,'145','需要到水景路','6',66,'J6VB3','L3+','2023-04-18 09:00:00','2023-04-18 18:00:00','水景路','水景路','太湖','1','2023-04-14 07:33:35','2023-04-14 07:33:35',NULL,NULL,0,NULL,NULL),(696,'80','','6',64,'J6VB1','L3+','2023-04-17 09:00:00','2023-04-17 18:00:00','水景路','规划测试',NULL,'1','2023-04-17 01:03:53','2023-04-14 09:56:30','8','12',1,'',NULL),(697,'174','','10',58,'J6VA9','L3+','2023-04-17 10:00:00','2023-04-17 11:50:00','水景路','测试',NULL,'1','2023-04-17 00:55:09','2023-04-14 12:33:27','8','27',1,'',NULL),(698,'89','','13',39,'J7A04','L4','2023-04-15 13:00:00','2023-04-15 18:00:00','水景路','工控机散热功能测试',NULL,'1','2023-04-17 00:54:56','2023-04-15 03:25:05','8','10',1,'',NULL),(699,'148','','2',61,'J6VB3','L2','2023-04-17 13:30:00','2023-04-17 18:00:00','水景路','基础软件功能测试',NULL,'1','2023-04-17 01:02:42','2023-04-17 00:57:05','8','26',1,'',NULL),(700,'104','','10',39,'J7A04','L4','2023-04-17 09:00:00','2023-04-17 17:00:00','水景路','耗时统计',NULL,'1','2023-04-17 01:23:57','2023-04-17 01:21:36','8','10',1,'',NULL),(701,'63','','7',67,'J6VB4','L3+','2023-04-17 13:30:00','2023-04-17 18:00:00','水景路','L3高速测试',NULL,'8','2023-04-17 01:39:25','2023-04-17 01:31:56','8','9',1,'',NULL),(702,'56','','4',43,'J7A5','L3+','2023-04-17 09:00:00','2023-04-17 18:00:00','水景路','采集数据','谓塘','1','2023-04-17 01:37:17','2023-04-17 01:34:50','8','15',1,'',NULL),(703,'129','','7',61,'J6VB3','L2','2023-04-17 09:50:00','2023-04-17 12:00:00','水景路','L2功能测试',NULL,'1','2023-04-17 02:00:53','2023-04-17 01:51:27','8','26',1,'',NULL),(704,'64','','11',56,'hs5','红旗','2023-04-17 13:00:00','2023-04-17 18:00:00','水景路','测试遮挡障碍物',NULL,'1','2023-04-17 03:16:23','2023-04-17 03:00:53','8','24',1,'',NULL),(705,'81','','9',44,'J7A6','L3+','2023-04-18 09:00:00','2023-04-18 18:00:00','水景路','视觉采集',NULL,'1','2023-04-18 01:53:40','2023-04-17 08:00:56',NULL,NULL,5,NULL,NULL),(706,'146','','7',71,'P1','L3+','2023-04-18 09:00:00','2023-04-18 12:00:00','水景路','测试',NULL,'1','2023-04-18 00:10:17','2023-04-17 08:04:42','8','23',1,'',NULL),(707,'104','','10',39,'J7A04','L4','2023-04-18 09:00:00','2023-04-18 12:00:00','水景路','耗时统计',NULL,'1','2023-04-18 00:11:21','2023-04-17 08:36:12','8','12',1,'',NULL),(708,'104','','10',39,'J7A04','L4','2023-04-18 13:00:00','2023-04-18 18:00:00','水景路','耗时统计',NULL,'1','2023-04-18 00:12:31','2023-04-17 08:36:50','8','12',1,'',NULL),(709,'174','','10',58,'J6VA9','L3+','2023-04-18 09:30:00','2023-04-18 18:00:00','水景路','测试',NULL,'1','2023-04-18 00:06:13','2023-04-17 08:41:01','8','27',1,'',NULL),(710,'82','','9',42,'J7A4','L3+','2023-04-18 09:00:00','2023-04-19 18:00:00','水景路','采集数据','高速','1','2023-04-18 00:06:54','2023-04-17 09:15:53','8','13',1,'',NULL),(711,'63','','7',67,'J6VB4','L3+','2023-04-18 08:31:00','2023-04-19 18:00:00','厂房','大盘山横向控制调试',NULL,'8','2023-04-18 00:08:27','2023-04-17 09:31:53','8','10',1,'',NULL),(712,'56','','4',43,'J7A5','L3+','2023-04-18 09:00:00','2023-04-18 18:00:00','水景路','标定','highway','1','2023-04-18 00:08:58','2023-04-17 09:46:57','8','15',1,'',NULL),(713,'56','','4',43,'J7A5','L3+','2023-04-19 09:00:00','2023-04-19 18:00:00','水景路','数据采集','谓塘','1','2023-04-19 00:25:13','2023-04-17 09:49:31','8','15',1,'',NULL),(714,'56','','4',43,'J7A5','L3+','2023-04-20 09:00:00','2023-04-20 18:00:00','水景路','数据采集','谓塘','1','2023-04-20 00:36:45','2023-04-17 09:51:01','8','14',1,'',NULL),(715,'56','','4',43,'J7A5','L3+','2023-04-21 09:00:00','2023-04-21 12:00:00','水景路','数据采集','谓塘','1','2023-04-17 09:53:37','2023-04-17 09:51:32',NULL,NULL,5,NULL,NULL),(716,'56','','4',42,'J7A4','L3+','2023-04-20 09:00:00','2023-04-20 18:00:00','水景路','数据采集','谓塘','1','2023-04-17 09:53:05','2023-04-17 09:52:47',NULL,NULL,5,NULL,NULL),(717,'56','','4',43,'J7A5','L3+','2023-04-21 09:00:00','2023-04-21 18:00:00','水景路','数据采集','谓塘','1','2023-04-21 00:06:17','2023-04-17 09:54:12','8','23',1,'',NULL),(718,'104','','10',58,'J6VA9','L3+','2023-04-19 09:30:00','2023-04-21 18:00:00','水景路','L3 耗时统计',NULL,'1','2023-04-18 02:34:02','2023-04-17 10:09:00',NULL,NULL,5,NULL,NULL),(719,'80','','6',64,'J6VB1','L3+','2023-04-18 14:00:00','2023-04-18 18:00:00','水景路','规划测试',NULL,'2','2023-04-18 02:08:54','2023-04-18 00:59:07','8','14',1,'',NULL),(720,'56','','4',64,'J6VB1','L3+','2023-04-19 09:00:00','2023-04-19 18:00:00','新厂房','标定数据采集','厂房','1','2023-04-19 00:36:39','2023-04-18 01:25:22','8','14',1,'',NULL),(721,'158','','6',38,'J7A03','L4','2023-04-18 13:00:00','2023-04-18 18:00:00','水景路','调试planning',NULL,'2','2023-04-18 02:07:45','2023-04-18 02:05:19','8','22',1,'',NULL),(722,'158','','6',38,'J7A03','L4','2023-04-19 09:00:00','2023-04-19 12:00:00','水景路','调试planning',NULL,'2','2023-04-19 00:27:42','2023-04-18 02:05:48','8','22',1,'',NULL),(723,'158','','6',38,'J7A03','L4','2023-04-19 13:00:00','2023-04-19 18:00:00','水景路','调试planning',NULL,'2','2023-04-19 00:17:26','2023-04-18 02:06:41','8','22',1,'',NULL),(724,'158','','6',38,'J7A03','L4','2023-04-20 09:00:00','2023-04-20 12:00:00','水景路','规划调试',NULL,'2','2023-04-20 00:21:30','2023-04-18 02:07:06','8','22',1,'',NULL),(725,'158','','6',38,'J7A03','L4','2023-04-20 13:00:00','2023-04-20 18:00:00','水景路','调试planning',NULL,'2','2023-04-20 00:20:47','2023-04-18 02:07:32','8','22',1,'',NULL),(726,'104','','10',63,'J6VB5','L2','2023-04-18 10:00:00','2023-04-18 18:00:00','厂房','耗时统计',NULL,'1','2023-04-18 02:40:49','2023-04-18 02:33:21',NULL,NULL,5,NULL,NULL),(727,'104','','10',70,'J6VB5','L3+','2023-04-18 10:00:00','2023-04-18 18:00:00','厂房','耗时',NULL,'1','2023-04-18 02:59:48','2023-04-18 02:41:38',NULL,NULL,5,NULL,NULL),(728,'148','','2',61,'J6VB3','L2','2023-04-18 13:30:00','2023-04-18 18:00:00','水景路','实车调试',NULL,'2','2023-04-18 05:58:36','2023-04-18 03:16:47',NULL,NULL,5,NULL,NULL),(729,'104','','10',39,'J7A04','L4','2023-04-19 09:00:00','2023-04-20 18:00:00','水景路','耗时统计',NULL,'1','2023-04-19 01:27:33','2023-04-18 03:37:16','8','23',5,'',NULL),(730,'139','','10',53,'J6LB2','洗扫车','2023-04-18 14:00:00','2023-04-18 18:00:00','水景路','标定',NULL,'1','2023-04-18 05:58:47','2023-04-18 05:58:47',NULL,NULL,0,NULL,NULL),(731,'36','','5',65,'J6VB2','L3+','2023-04-18 15:00:00','2023-04-18 18:00:00','水景路','测试',NULL,'8','2023-04-19 00:21:41','2023-04-18 06:01:06','8','12',1,'',NULL),(732,'148','','2',63,'J6VB5','L2','2023-04-18 14:30:00','2023-04-18 18:00:00','水景路','实车测试',NULL,'1','2023-04-18 06:09:16','2023-04-18 06:09:16',NULL,NULL,0,NULL,NULL),(733,'114','','6',64,'J6VB1','L3+','2023-04-20 14:30:00','2023-04-20 18:00:00','水景路','nudge测试',NULL,'9','2023-04-20 06:07:50','2023-04-18 06:55:44','8','11',5,'',NULL),(734,'36','','5',65,'J6VB2','L3+','2023-04-19 09:00:00','2023-04-21 18:00:00','水景路','测试',NULL,'8','2023-04-19 00:23:06','2023-04-18 07:55:11','8','12',1,'',NULL),(735,'82','','9',42,'J7A4','L3+','2023-04-20 09:00:00','2023-04-21 18:00:00','水景路','采集数据','高速','1','2023-04-19 00:26:03','2023-04-18 08:23:06','8','13',5,'',NULL),(736,'56','','4',44,'J7A6','L3+','2023-04-20 09:00:00','2023-04-20 18:00:00','厂房','标定','厂房','1','2023-04-20 00:24:49','2023-04-18 08:29:31','8','31',1,'',NULL),(737,'127','','11',66,'J6VB3','L3+','2023-04-19 08:30:00','2023-04-21 18:00:00','高铁新城及周边乡镇','AEB路测','高铁新城及周边乡镇','1','2023-04-19 00:20:05','2023-04-18 08:56:48','8','31',1,'',NULL),(738,'89','','13',64,'J6VB1','L3+','2023-04-20 09:00:00','2023-04-20 12:00:00','厂房','布置标定场地',NULL,'1','2023-04-20 01:20:13','2023-04-18 09:18:21','8','20',1,'',NULL),(739,'89','','13',67,'J6VB4','L3+','2023-04-20 09:00:00','2023-04-20 12:00:00','厂房','零部件拆除',NULL,'1','2023-04-20 00:22:19','2023-04-18 09:51:47','8','27',1,'',NULL),(740,'148','','2',61,'J6VB3','L2','2023-04-19 09:00:00','2023-04-19 18:00:00','水景路','实车调试',NULL,'1','2023-04-19 00:59:39','2023-04-19 00:53:15','8','26',1,'',NULL),(741,'139','','10',53,'J6LB2','洗扫车','2023-04-19 09:00:00','2023-04-19 12:00:00','公司楼下','标定',NULL,'1','2023-04-19 01:16:19','2023-04-19 01:16:19',NULL,NULL,0,NULL,NULL),(742,'82','','10',42,'J7A4','L3+','2023-04-20 09:00:00','2023-04-21 18:00:00','水景路','采集数据','高速','1','2023-04-20 00:22:44','2023-04-19 01:19:52','8','13',1,'',NULL),(743,'143','','5',54,'J6FA1','环卫','2023-04-19 09:27:00','2023-04-19 18:00:00','公司楼下','平台测试',NULL,'1','2023-04-19 01:28:25','2023-04-19 01:28:25',NULL,NULL,0,NULL,NULL),(744,'149','','6',71,'P1','L3+','2023-04-20 09:30:00','2023-04-20 11:30:00','水景路','编队换道测试',NULL,'1','2023-04-20 00:21:02','2023-04-19 02:07:22','8','23',1,'',NULL),(745,'171','','11',37,'J7A02','L4','2023-04-19 14:00:00','2023-04-19 18:00:00','水景路','4d毫米波雷达驱动调试',NULL,'1','2023-04-19 05:55:14','2023-04-19 05:37:05','8','27',1,'',NULL),(746,'105','','11',71,'P1','L3+','2023-04-19 14:30:00','2023-04-19 17:30:00','水景路','苏虞张地图感知验证',NULL,'1','2023-04-19 06:08:34','2023-04-19 06:04:12','8','132',1,'',NULL),(747,'80','','6',64,'J6VB1','L3+','2023-04-23 09:00:00','2023-04-23 18:00:00','水景路','规划测试',NULL,'1','2023-04-23 00:23:48','2023-04-19 07:35:17','8','30',1,'',NULL),(748,'104','厂房园区内运行即可，不需要出厂房','10',58,'J6VA9','L3+','2023-04-20 09:00:00','2023-04-21 18:00:00','厂房','静态测试',NULL,'1','2023-04-20 01:20:46','2023-04-19 09:04:20','8','20',1,'',NULL),(749,'89','','13',59,'J7A7','L3+','2023-04-20 09:00:00','2023-04-20 12:00:00','厂房','安装视频分流器',NULL,'1','2023-04-20 00:19:05','2023-04-19 09:54:27','8','9',1,'',NULL),(750,'56','','4',67,'J6VB4','L3+','2023-04-20 13:00:00','2023-04-20 18:00:00','厂房','标定','厂房','1','2023-04-20 00:18:31','2023-04-19 10:09:53','8','27',1,'',NULL),(751,'117','无需动车，工控机开着就行，远程测试','5',39,'J7A04','L4','2023-04-20 13:30:00','2023-04-20 18:00:00','水景路','工控机资源信息监控测试','无，静态测试','1','2023-04-20 00:17:54','2023-04-19 10:13:32','8','10',1,'',NULL),(752,'150','','7',61,'J6VB3','L2','2023-04-20 13:00:00','2023-04-20 18:00:00','水景路','软件测试',NULL,'1','2023-04-20 01:02:12','2023-04-20 00:46:11','8','26',1,'',NULL),(753,'171','','11',37,'J7A02','L4','2023-04-20 10:00:00','2023-04-20 18:00:00','水景路','毫米波雷达驱动调试',NULL,'1','2023-04-20 01:18:56','2023-04-20 01:14:43','8','27',1,'',NULL),(754,'56','','4',38,'J7A03','L4','2023-04-21 09:00:00','2023-04-21 18:00:00','水景路','测试','公司周边','1','2023-04-20 23:59:33','2023-04-20 02:07:13','8','10',1,'',NULL),(755,'56','','4',39,'J7A04','L4','2023-04-21 09:00:00','2023-04-21 18:00:00','水景路','测算','公司周边','1','2023-04-21 01:17:19','2023-04-20 02:07:42','8','22',5,'',NULL),(756,'172','','6',71,'P1','L3+','2023-04-24 09:30:00','2023-04-24 18:00:00','水景路','编队换道测试',NULL,'1','2023-04-24 00:21:21','2023-04-20 03:30:28','8','23',1,'',NULL),(757,'114','','6',64,'J6VB1','L3+','2023-04-21 09:00:00','2023-04-21 12:00:00','水景路','偏离车道中心测试','太湖服务区方向','9','2023-04-20 08:12:23','2023-04-20 06:09:36',NULL,NULL,5,NULL,NULL),(758,'89','','13',59,'J7A7','L3+','2023-04-20 13:00:00','2023-04-20 18:00:00','水景路','视频分流器测试',NULL,'1','2023-04-20 07:01:45','2023-04-20 07:01:45',NULL,NULL,0,NULL,NULL),(759,'43','','7',38,'J7A03','L4','2023-04-24 09:00:00','2023-04-24 18:30:00','水景路','软件测试',NULL,'1','2023-04-24 00:19:27','2023-04-20 07:16:43','8','22',1,'',NULL),(760,'104','','10',67,'J6VB4','L3+','2023-04-21 09:00:00','2023-04-21 18:00:00','水景路','后向测试',NULL,'1','2023-04-21 00:02:31','2023-04-20 07:33:41','8','30',1,'',NULL),(761,'48','','7',38,'J7A03','L4','2023-04-25 13:00:00','2023-04-25 18:00:00','水景路','调试dev信息',NULL,'1','2023-04-25 00:30:55','2023-04-20 09:04:54','8','22',1,'',NULL),(762,'48','','7',39,'J7A04','L4','2023-04-24 09:00:00','2023-04-24 12:00:00','水景路','横向调试',NULL,'8','2023-04-23 02:02:56','2023-04-20 09:07:56',NULL,NULL,5,NULL,NULL),(763,'48','','7',39,'J7A04','L4','2023-04-24 13:00:00','2023-04-24 18:00:00','水景路','横向调试',NULL,'8','2023-04-23 02:03:03','2023-04-20 09:09:18',NULL,NULL,5,NULL,NULL),(764,'56','','4',67,'J6VB4','L3+','2023-04-23 09:00:00','2023-04-23 18:00:00','水景路','标定','渭塘','1','2023-04-23 01:37:04','2023-04-20 09:56:16','8','9',5,'',NULL),(765,'89','','13',64,'J6VB1','L3+','2023-04-21 09:00:00','2023-04-21 12:00:00','厂房','布置标定场地',NULL,'1','2023-04-20 16:07:51','2023-04-20 16:07:51',NULL,NULL,0,NULL,NULL),(766,'89','','13',64,'J6VB1','L3+','2023-04-21 13:00:00','2023-04-21 18:00:00','厂房','布置标定场地',NULL,'1','2023-04-21 00:08:29','2023-04-20 16:08:24','8','27',1,'',NULL),(767,'170','','11',38,'J7A03','L4','2023-04-23 14:00:00','2023-04-23 18:00:00','水景路','新路线红绿灯测试',NULL,'1','2023-04-23 00:30:13','2023-04-21 02:12:31','8','22',1,'',NULL),(768,'104','','10',67,'J6VB4','L3+','2023-04-24 09:00:00','2023-04-24 18:00:00','水景路','后向开启测试',NULL,'2','2023-04-24 00:21:57','2023-04-21 02:21:19','8','12',1,'',NULL),(769,'80','','6',66,'J6VB3','L3+','2023-04-23 14:00:00','2023-04-23 18:00:00','水景路','规划测试',NULL,'1','2023-04-23 00:28:00','2023-04-21 03:44:18','8','23',1,'',NULL),(770,'42','','7',39,'J7A04','L4','2023-04-23 13:00:00','2023-04-23 18:00:00','水景路','满载横向控制调试',NULL,'8','2023-04-21 07:19:56','2023-04-21 06:47:37',NULL,NULL,5,NULL,NULL),(771,'158','','6',38,'J7A03','L4','2023-04-23 09:00:00','2023-04-23 12:00:00','水景路','测试规划问题',NULL,'1','2023-04-23 00:20:18','2023-04-21 07:07:45','8','22',1,'',NULL),(772,'175','','9',44,'J7A6','L3+','2023-04-23 09:00:00','2023-04-23 18:00:00','视觉采集','水景路',NULL,'1','2023-04-23 00:27:13','2023-04-21 07:31:11','8','16',1,'',NULL),(773,'159','','10',42,'J7A4','L3+','2023-04-23 09:00:00','2023-04-23 18:00:00','水景路','算法测试','高速','1','2023-04-23 00:21:25','2023-04-21 09:14:40','8','9',1,'',NULL),(774,'56','','4',43,'J7A5','L3+','2023-04-23 09:00:00','2023-04-23 18:00:00','水景路','数据采集','谓塘','1','2023-04-23 01:03:25','2023-04-23 00:54:56','8','15',1,'',NULL),(775,'43','','7',39,'J7A04','L4','2023-04-23 10:00:00','2023-04-23 18:00:00','水景路','软件测试',NULL,'1','2023-04-23 01:03:51','2023-04-23 01:01:37','8','10',1,'',NULL),(776,'142','','10',38,'J7A03','L4','2023-04-25 09:00:00','2023-04-25 12:00:00','水景路','测试',NULL,'1','2023-04-25 00:30:14','2023-04-23 01:19:36','8','22',1,'',NULL),(777,'56','','4',56,'hs5','红旗','2023-04-23 09:00:00','2023-04-23 12:00:00','公司楼下','采集水居','公司附近','1','2023-04-23 01:50:25','2023-04-23 01:28:11','8','24',1,'',NULL),(778,'60','三天路测，需要一辆保障车','7',66,'J6VB3','L3+','2023-04-24 09:00:00','2023-04-26 18:00:00','厂房','大盘山路测测试','大盘山','8','2023-04-24 01:24:34','2023-04-23 01:53:04','8','31',1,'',NULL),(779,'48','','7',38,'J7A03','L4','2023-04-26 09:00:00','2023-04-26 12:00:00','水景路','调试',NULL,'1','2023-04-26 00:30:18','2023-04-23 02:05:17','8','12',1,'',NULL),(780,'48','','7',38,'J7A03','L4','2023-04-26 13:00:00','2023-04-26 18:00:00','水景路','调试',NULL,'1','2023-04-26 00:30:35','2023-04-23 02:05:50','8','12',1,'',NULL),(781,'48','','7',39,'J7A04','L4','2023-04-24 09:00:00','2023-04-24 12:00:00','水景路','调试',NULL,'1','2023-04-24 00:43:52','2023-04-23 02:15:50','8','10',1,'',NULL),(782,'48','','7',39,'J7A04','L4','2023-04-24 13:00:00','2023-04-24 18:00:00','水景路','调试',NULL,'1','2023-04-24 00:20:15','2023-04-23 02:16:14','8','10',1,'',NULL),(783,'171','','11',37,'J7A02','L4','2023-04-23 14:00:00','2023-04-23 18:00:00','水景路','毫米波雷达驱动调试',NULL,'1','2023-04-23 03:44:59','2023-04-23 03:44:59',NULL,NULL,0,NULL,NULL),(784,'82','','10',42,'J7A4','L3+','2023-04-24 09:00:00','2023-04-25 18:00:00','水景路','采集数据','高速','1','2023-04-24 04:25:01','2023-04-23 05:24:31','8','13',5,'',NULL),(785,'145','车需要先开到水景路','6',64,'J6VB1','L3+','2023-04-24 13:00:00','2023-04-24 18:00:00','水景路','水景路','绕城','1','2023-04-24 00:20:58','2023-04-23 05:59:43','8','30',1,'',NULL),(786,'82','','10',42,'J7A4','L3+','2023-04-26 09:00:00','2023-04-27 18:00:00','水景路','采集数据','高速','1','2023-04-24 04:24:51','2023-04-23 09:25:44',NULL,NULL,5,NULL,NULL),(787,'104','','10',67,'J6VB4','L3+','2023-04-25 09:00:00','2023-04-26 18:00:00','水景路','后向测试',NULL,'1','2023-04-25 00:32:19','2023-04-24 01:23:05','8','27',1,'',NULL),(788,'56','','4',43,'J7A5','L3+','2023-04-24 09:00:00','2023-04-24 18:00:00','水景路','数据采集','太湖','1','2023-04-24 01:42:40','2023-04-24 01:40:32','8','15',1,'',NULL),(789,'56','','4',43,'J7A5','L3+','2023-04-25 09:00:00','2023-04-25 18:00:00','水景路','数据采集','谓塘、太湖','1','2023-04-25 00:32:49','2023-04-24 01:52:45','8','15',1,'',NULL),(790,'56','','4',43,'J7A5','L3+','2023-04-26 09:00:00','2023-04-26 18:00:00','水景路','数据采集','谓塘、太湖','1','2023-04-26 00:31:40','2023-04-24 01:53:17','8','11',1,'',NULL),(791,'56','','4',43,'J7A5','L3+','2023-04-27 09:00:00','2023-04-27 12:00:00','水景路','数据采集','谓塘、太湖','1','2023-04-27 00:27:36','2023-04-24 01:53:46','8','15',1,'',NULL),(792,'56','','4',43,'J7A5','L3+','2023-04-27 13:00:00','2023-04-27 18:00:00','水景路','数据采集','谓塘、太湖','1','2023-04-27 00:27:49','2023-04-24 01:54:48','8','15',1,'',NULL),(793,'56','','4',43,'J7A5','L3+','2023-04-28 09:00:00','2023-04-28 18:00:00','水景路','数据采集','谓塘、太湖','1','2023-04-28 00:44:29','2023-04-24 01:55:35','8','15',1,'',NULL),(794,'159','','10',37,'J7A02','L4','2023-04-24 15:00:00','2023-04-24 18:00:00','水景路','算法调试',NULL,'1','2023-04-24 07:02:54','2023-04-24 06:58:07','8','9',1,'',NULL),(795,'36','','5',65,'J6VB2','L3+','2023-04-25 09:00:00','2023-04-26 18:00:00','厂房','测试',NULL,'8','2023-04-25 00:31:23','2023-04-24 09:25:23','8','13',1,'',NULL),(796,'60','','7',64,'J6VB1','L3+','2023-04-25 09:00:00','2023-04-25 18:00:00','水景路','调试',NULL,'1','2023-04-25 00:31:50','2023-04-24 09:58:09','8','14',1,'',NULL),(797,'56','','4',38,'J7A03','L4','2023-04-27 09:00:00','2023-04-27 18:00:00','水景路','测试','城区','1','2023-04-27 00:25:39','2023-04-24 10:03:15','8','22',1,'',NULL),(798,'56','','4',38,'J7A03','L4','2023-04-28 09:00:00','2023-04-28 18:00:00','水景路','测试','水景路','1','2023-04-28 00:42:44','2023-04-24 10:04:16','8','12',1,'',NULL),(799,'171','','11',37,'J7A02','L4','2023-04-25 13:30:00','2023-04-25 18:00:00','水景路','毫米波雷达调试',NULL,'1','2023-04-25 03:12:12','2023-04-25 02:27:59','8','9',1,'',NULL),(800,'82','','10',42,'J7A4','L3+','2023-04-25 13:00:00','2023-04-28 18:00:00','水景路','采集数据','高速','1','2023-04-25 06:47:56','2023-04-25 06:32:50','8','16',1,'',NULL),(801,'104','','10',64,'J6VB1','L3+','2023-04-26 09:00:00','2023-04-26 12:00:00','水景路','后向相机标定',NULL,'1','2023-04-26 00:49:07','2023-04-25 09:11:30','8','14',1,'',NULL),(802,'104','','10',66,'J6VB3','L3+','2023-04-27 09:00:00','2023-04-27 12:00:00','水景路','后向标定',NULL,'1','2023-04-27 00:29:00','2023-04-25 09:12:36','8','31',1,'',NULL),(803,'127','','11',72,'P2','L3+','2023-04-26 09:00:00','2023-04-26 18:00:00','水景路','编队控制调试',NULL,'1','2023-04-26 00:32:23','2023-04-25 10:21:09','8','23',1,'',NULL),(804,'60','','7',64,'J6VB1','L3+','2023-04-26 13:30:00','2023-04-26 18:00:00','水景路','调试',NULL,'8','2023-04-26 00:31:14','2023-04-25 11:53:22','8','14',1,'',NULL),(805,'72','','9',36,'J7A01','L4','2023-04-26 13:00:00','2023-04-26 18:00:00','水景路','数据采集',NULL,'1','2023-04-26 03:03:17','2023-04-26 01:37:33','8','16',1,'',NULL),(806,'172','','6',72,'P2','L3+','2023-04-27 09:30:00','2023-04-27 11:30:00','水景路','编队项目P2车联调测试',NULL,'1','2023-04-27 00:28:07','2023-04-26 03:10:47','8','23',1,'',NULL),(807,'104','','10',67,'J6VB4','L3+','2023-04-27 09:00:00','2023-04-28 13:00:00','水景路','后向常规测试',NULL,'1','2023-04-27 00:26:32','2023-04-26 04:11:45','8','25',1,'',NULL),(808,'108','','13',39,'J7A04','L4','2023-04-27 09:00:00','2023-04-27 18:00:00','厂房','新方案装车',NULL,'1','2023-04-27 00:25:11','2023-04-26 05:33:56','8','16',1,'',NULL),(809,'60','','7',64,'J6VB1','L3+','2023-04-27 09:00:00','2023-04-28 18:00:00','水景路','版本测试',NULL,'8','2023-04-27 00:28:32','2023-04-26 08:44:59','8','30',1,'',NULL),(810,'45','','7',54,'J6FA1','环卫','2023-04-27 09:00:00','2023-04-27 18:00:00','水景路','调试',NULL,'1','2023-04-27 01:34:56','2023-04-27 01:30:29','8','21',1,'',NULL),(811,'146','','7',72,'P2','L3+','2023-04-27 14:00:00','2023-04-27 18:00:00','水景路','程序烧写',NULL,'1','2023-04-27 01:39:55','2023-04-27 01:36:25','8','23',1,'',NULL),(812,'91','','8',39,'J7A04','L4','2023-05-04 10:00:00','2023-05-04 17:00:00','水景路','算法测试','太阳路','1','2023-04-27 02:10:37','2023-04-27 02:10:29',NULL,NULL,5,NULL,NULL),(813,'91','','8',38,'J7A03','L4','2023-05-04 10:00:00','2023-05-04 17:00:00','水景路','算法测试','太阳路','1','2023-05-04 00:40:31','2023-04-27 02:11:27','8','22',1,'',NULL),(814,'80','','6',66,'J6VB3','L3+','2023-04-27 15:00:00','2023-04-27 18:00:00','水景路','规划测试',NULL,'1','2023-04-27 03:03:52','2023-04-27 02:33:43','8','31',1,'',NULL),(815,'162','','3',35,'J7A05','L4（demo）','2023-04-27 14:30:00','2023-04-27 18:00:00','厂房内','厂房内即可',NULL,'1','2023-04-27 06:06:56','2023-04-27 06:06:56',NULL,NULL,0,NULL,NULL),(816,'64','','11',63,'J6VB5','L2','2023-04-28 10:00:00','2023-04-28 15:00:00','水景路','相机数据采集','高铁新城附近','1','2023-04-27 10:16:30','2023-04-27 08:24:18',NULL,NULL,5,NULL,NULL),(817,'146','','7',72,'P2','L3+','2023-04-28 09:00:00','2023-04-28 12:00:00','水景路','测试',NULL,'1','2023-04-28 00:41:29','2023-04-27 09:32:27','8','23',1,'',NULL),(818,'64','','11',61,'J6VB3','L2','2023-04-27 10:00:00','2023-04-27 15:00:00','水景路','相机数据采集','高铁新城附近','1','2023-04-28 02:31:21','2023-04-27 10:19:02','8','15',1,'',NULL),(819,'135','','3',73,'J6V A2','L2','2023-04-28 16:00:00','2023-04-28 17:00:00','厂房室外','测试定位数据',NULL,'1','2023-04-28 04:02:04','2023-04-28 03:39:03','8','22',1,'',NULL),(820,'64','','11',61,'J6VB3','L2','2023-05-04 10:00:00','2023-05-06 18:00:00','水景路','有车道线AEB误触发测试','高铁新城及周边镇','1','2023-05-04 00:41:01','2023-04-28 08:24:26','8','26',1,'',NULL),(821,'64','','11',61,'J6VB3','L2','2023-05-08 10:00:00','2023-05-10 18:00:00','水景路','无车道线AEB误触发测试','高铁新城及周边镇','1','2023-05-06 00:27:28','2023-04-28 08:25:30','8','26',1,'',NULL),(822,'60','','7',66,'J6VB3','L3+','2023-05-04 09:00:00','2023-05-06 18:00:00','水景路','山区调试',NULL,'8','2023-05-04 00:41:56','2023-04-28 08:52:46','8','31',1,'',NULL),(823,'56','','4',42,'J7A4','L3+','2023-05-04 09:00:00','2023-05-04 18:00:00','水景路','数据采集','谓塘','1','2023-05-04 00:42:21','2023-04-28 09:50:56','8','13',1,'',NULL),(824,'56','','4',44,'J7A6','L3+','2023-05-04 09:00:00','2023-05-04 18:00:00','水景路','标定','公司附近','1','2023-05-04 00:41:23','2023-04-28 09:51:41','8','16',1,'',NULL),(825,'56','','4',42,'J7A4','L3+','2023-05-05 09:00:00','2023-05-05 18:00:00','水景路','数据采集','谓塘','1','2023-05-05 00:26:24','2023-04-28 10:02:01','8','13',1,'',NULL),(826,'48','','7',38,'J7A03','L4','2023-05-05 09:00:00','2023-05-05 12:00:00','水景路','调试',NULL,'1','2023-05-05 00:27:41','2023-05-04 01:14:18',NULL,NULL,5,NULL,NULL),(827,'48','','7',38,'J7A03','L4','2023-05-05 13:00:00','2023-05-05 18:00:00','水景路','调试',NULL,'1','2023-05-05 00:27:56','2023-05-04 01:14:48','8','14',1,'',NULL),(828,'48','','7',38,'J7A03','L4','2023-05-06 09:00:00','2023-05-06 12:00:00','水景路','调试',NULL,'1','2023-05-05 00:27:03','2023-05-04 01:17:32','8','14',1,'',NULL),(829,'48','','7',38,'J7A03','L4','2023-05-06 13:00:00','2023-05-06 18:00:00','水景路','调试',NULL,'1','2023-05-06 00:26:40','2023-05-04 01:18:03','8','27',1,'',NULL),(830,'104','','10',67,'J6VB4','L3+','2023-05-04 10:00:00','2023-05-05 18:00:00','水景路','后向测试',NULL,'1','2023-05-04 01:51:40','2023-05-04 01:30:53','8','30',1,'',NULL),(831,'54','','4',56,'hs5','红旗','2023-05-04 09:00:00','2023-05-04 18:00:00','天成','测试',NULL,'1','2023-05-04 01:50:14','2023-05-04 01:32:36',NULL,NULL,5,NULL,NULL),(832,'54','','4',43,'J7A5','L3+','2023-05-04 13:00:00','2023-05-04 18:00:00','水景路','数据采集',NULL,'1','2023-05-04 02:15:35','2023-05-04 02:05:57','8','15',1,'',NULL),(833,'127','','6',72,'P2','L3+','2023-05-04 13:00:00','2023-05-04 18:00:00','水景路','规划调试',NULL,'1','2023-05-04 02:29:06','2023-05-04 02:25:42','8','27',1,'',NULL),(834,'138','','5',65,'J6VB2','L3+','2023-05-04 13:00:00','2023-05-04 18:00:00','厂房','更新版本',NULL,'1','2023-05-04 05:39:36','2023-05-04 05:30:52','8','31',1,'',NULL),(835,'138','','5',64,'J6VB1','L3+','2023-05-04 13:00:00','2023-05-04 18:00:00','厂房','测试',NULL,'1','2023-05-04 05:37:59','2023-05-04 05:31:11','8','12',1,'',NULL),(836,'56','','4',43,'J7A5','L3+','2023-05-05 09:00:00','2023-05-05 18:00:00','水景路','数据采集','谓塘','1','2023-05-05 00:26:40','2023-05-04 07:22:02','8','11',1,'',NULL),(837,'104','','10',67,'J6VB4','L3+','2023-05-06 09:00:00','2023-05-06 18:00:00','水景路','后向常规测试',NULL,'1','2023-05-06 00:27:50','2023-05-04 10:13:01','8','30',1,'',NULL),(838,'48','','7',38,'J7A03','L4','2023-05-05 09:00:00','2023-05-05 12:00:00','水景路','调试',NULL,'1','2023-05-05 01:11:35','2023-05-05 01:09:57','8','14',1,'',NULL),(839,'127','','11',42,'J7A4','L3+','2023-05-06 09:30:00','2023-05-06 18:00:00','水景路','调试',NULL,'1','2023-05-06 01:17:44','2023-05-06 01:14:21',NULL,NULL,5,NULL,NULL),(840,'56','','4',43,'J7A5','L3+','2023-05-06 09:00:00','2023-05-06 18:00:00','水景录','采集数据','谓塘','1','2023-05-06 01:46:35','2023-05-06 01:31:56','8','11',1,'',NULL),(841,'127','','11',42,'J7A4','L3+','2023-05-06 13:00:00','2023-05-06 18:00:00','水景路','控制调试',NULL,'1','2023-05-06 05:53:49','2023-05-06 05:45:21','8','13',1,'',NULL),(842,'60','','7',66,'J6VB3','L3+','2023-05-08 09:00:00','2023-05-08 18:00:00','水景路','版本验证',NULL,'8','2023-05-08 01:08:07','2023-05-08 01:05:06','8','31',1,'',NULL),(843,'127','','11',42,'J7A4','L3+','2023-05-08 09:30:00','2023-05-10 09:08:00','水景路','编队调试',NULL,'1','2023-05-08 01:49:57','2023-05-08 01:08:31','8','13',1,'',NULL),(844,'127','','11',72,'P2','L3+','2023-05-08 09:00:00','2023-05-08 18:00:00','水景路','编队调试',NULL,'1','2023-05-08 01:49:28','2023-05-08 01:41:24','8','23',1,'',NULL),(845,'82','','10',37,'J7A02','L4','2023-05-08 09:00:00','2023-05-12 18:00:00','水景路','采集数据',NULL,'1','2023-05-08 02:17:00','2023-05-08 02:13:23','8','9',1,'',NULL),(846,'138','','5',54,'J6FA1','环卫','2023-05-08 13:00:00','2023-05-08 18:00:00','水景路','测试',NULL,'1','2023-05-08 04:33:18','2023-05-08 02:31:28','8','21',1,'',NULL),(847,'60','','7',66,'J6VB3','L3+','2023-05-09 09:17:00','2023-05-12 18:00:00','水景路','调试',NULL,'8','2023-05-09 00:36:13','2023-05-08 03:18:17','8','31',1,'',NULL),(848,'48','调试','7',38,'J7A03','L4','2023-05-09 09:00:00','2023-05-09 12:00:00','水景路','调试',NULL,'9','2023-05-09 00:33:36','2023-05-08 03:20:04','8','16',1,'',NULL),(849,'48','','7',38,'J7A03','L4','2023-05-09 13:00:00','2023-05-09 18:00:00','水景路','调试',NULL,'9','2023-05-09 00:34:06','2023-05-08 03:20:49','8','16',1,'',NULL),(850,'48','','7',38,'J7A03','L4','2023-05-10 09:00:00','2023-05-10 12:00:00','水景路','调试',NULL,'9','2023-05-09 08:51:00','2023-05-08 03:21:34',NULL,NULL,5,NULL,NULL),(851,'48','','7',38,'J7A03','L4','2023-05-10 13:00:00','2023-05-10 18:00:00','水景路','调试',NULL,'9','2023-05-09 08:51:02','2023-05-08 03:22:03',NULL,NULL,5,NULL,NULL),(852,'48','','7',38,'J7A03','L4','2023-05-11 09:00:00','2023-05-11 12:00:00','水景路','调试',NULL,'9','2023-05-09 08:51:04','2023-05-08 03:22:52',NULL,NULL,5,NULL,NULL),(853,'48','','7',38,'J7A03','L4','2023-05-11 13:00:00','2023-05-11 18:00:00','水景路','调试',NULL,'9','2023-05-09 08:51:06','2023-05-08 03:23:24',NULL,NULL,5,NULL,NULL),(854,'118','带不带挂都可以，车需要开到水景路','5',67,'J6VB4','L3+','2023-05-08 13:30:00','2023-05-08 18:00:00','水景路','水景路',NULL,'1','2023-05-08 04:11:49','2023-05-08 03:34:50','8','10',1,'',NULL),(855,'54','','4',38,'J7A03','L4','2023-05-12 09:00:00','2023-05-12 18:00:00','水景路','水景路',NULL,'1','2023-05-12 00:45:09','2023-05-08 05:19:01','8','11',1,'',NULL),(856,'54','','4',38,'J7A03','L4','2023-05-08 13:00:00','2023-05-08 18:00:00','水景路','测试',NULL,'1','2023-05-08 05:27:42','2023-05-08 05:20:03','8','12',1,'',NULL),(857,'45','','7',60,'J6VB2','L2','2023-05-09 13:00:00','2023-05-09 18:00:00','水景路','测试L2 AEB基本功能',NULL,'1','2023-05-09 00:51:27','2023-05-08 06:47:29',NULL,NULL,5,NULL,NULL),(858,'45','','7',60,'J6VB2','L2','2023-05-09 10:00:00','2023-05-09 12:00:00','水景路','测试AEB触发',NULL,'1','2023-05-09 00:51:20','2023-05-08 09:16:53',NULL,NULL,5,NULL,NULL),(859,'118','带不带挂都可以，车停在水景路','5',70,'J6VB5','L3+','2023-05-09 09:00:00','2023-05-12 18:00:00','水景路','水景路',NULL,'1','2023-05-10 09:10:06','2023-05-09 00:55:27','8','10',5,'',NULL),(860,'149','','6',65,'J6VB2','L3+','2023-05-09 13:00:00','2023-05-09 18:00:00','水景路','L3规划测试',NULL,'2','2023-05-09 01:33:03','2023-05-09 01:04:46','8','12',5,'',NULL),(861,'54','','4',44,'J7A6','L3+','2023-05-09 09:00:00','2023-05-09 18:00:00','水景路 ','标定验证',NULL,'1','2023-05-09 01:45:33','2023-05-09 01:41:13','8','27',1,'',NULL),(862,'42','','7',63,'J6VB5','L2','2023-05-09 13:00:00','2023-05-09 18:00:00','水景路','控制测试',NULL,'8','2023-05-09 02:27:59','2023-05-09 02:15:40',NULL,NULL,5,NULL,NULL),(863,'42','','7',63,'J6VB5','L2','2023-05-10 09:00:00','2023-05-12 18:00:00','水景路','山区测试','苏州-台州','8','2023-05-09 02:28:02','2023-05-09 02:17:31',NULL,NULL,5,NULL,NULL),(864,'42','','7',61,'J6VB3','L2','2023-05-11 09:00:00','2023-05-12 18:00:00','水景路','山区调试',NULL,'8','2023-05-11 00:05:14','2023-05-09 02:34:33',NULL,NULL,5,NULL,NULL),(865,'64','','11',56,'hs5','红旗','2023-05-09 13:00:00','2023-05-09 18:00:00','公司地库','AEB测试协助','水景路','1','2023-05-09 03:31:18','2023-05-09 02:40:07',NULL,NULL,5,NULL,NULL),(866,'104','','10',67,'J6VB4','L3+','2023-05-10 09:00:00','2023-05-11 18:00:00','水景路','高速测试',NULL,'1','2023-05-10 00:39:00','2023-05-09 06:59:27','8','14',1,'',NULL),(867,'48','','7',38,'J7A03','L4','2023-05-10 09:00:00','2023-05-10 12:00:00','水景路','调试',NULL,'6','2023-05-10 10:26:13','2023-05-09 08:51:31',NULL,NULL,5,NULL,NULL),(868,'48','','7',38,'J7A03','L4','2023-05-10 13:00:00','2023-05-10 18:00:00','水景路','调试',NULL,'6','2023-05-10 00:45:47','2023-05-09 08:51:52','8','10',1,'',NULL),(869,'48','','7',38,'J7A03','L4','2023-05-11 09:00:00','2023-05-11 12:00:00','水景路','调试',NULL,'6','2023-05-11 00:19:02','2023-05-09 08:52:22','8','16',1,'',NULL),(870,'48','','7',38,'J7A03','L4','2023-05-11 13:00:00','2023-05-11 18:00:00','水景路','调试',NULL,'6','2023-05-11 00:19:16','2023-05-09 08:52:42','8','16',1,'',NULL),(871,'89','','13',43,'J7A5','L3+','2023-05-10 09:00:00','2023-05-10 12:00:00','厂房','拆408后盖',NULL,'1','2023-05-10 00:38:10','2023-05-09 10:07:15','8','25',1,'',NULL),(872,'127','','11',72,'P2','L3+','2023-05-11 13:00:00','2023-05-11 18:00:00','水景路','3辆车编队云端服务器通信测试',NULL,'1','2023-05-11 00:18:10','2023-05-10 02:58:00','8','30',1,'',NULL),(873,'127','','11',71,'P1','L3+','2023-05-11 13:00:00','2023-05-11 18:00:00','水景路','3辆车编队云端服务器通信测试',NULL,'1','2023-05-11 00:18:29','2023-05-10 02:58:19','8','27',1,'',NULL),(874,'127','','11',42,'J7A4','L3+','2023-05-11 13:00:00','2023-05-11 18:00:00','水景路','3辆车编队云端服务器通信测试',NULL,'1','2023-05-11 00:17:47','2023-05-10 02:58:46','8','25',1,'',NULL),(875,'60','','7',67,'J6VB4','L3+','2023-05-12 09:00:00','2023-05-12 18:00:00','水景路','调试',NULL,'8','2023-05-10 10:34:35','2023-05-10 03:44:10',NULL,NULL,5,NULL,NULL),(876,'54','','4',43,'J7A5','L3+','2023-05-10 14:00:00','2023-05-10 18:00:00','水景路','测试验证',NULL,'1','2023-05-10 08:28:02','2023-05-10 06:15:08','8','25',5,'',NULL),(877,'54','','4',43,'J7A5','L3+','2023-05-11 09:00:00','2023-05-11 18:00:00','水景路','验证',NULL,'1','2023-05-11 00:17:18','2023-05-10 08:28:48','8','11',1,'',NULL),(878,'80','','6',66,'J6VB3','L3+','2023-05-15 09:00:00','2023-05-15 18:00:00','水景路','规划测试',NULL,'1','2023-05-15 00:34:00','2023-05-10 08:50:52','8','31',1,'',NULL),(879,'118','带挂和不带挂都可以','5',67,'J6VB4','L3+','2023-05-15 09:00:00','2023-05-16 18:00:00','水景路','新soc，pdk验证',NULL,'1','2023-05-15 01:18:57','2023-05-10 09:25:54','8','23',5,'',NULL),(880,'72','','9',44,'J7A6','L3+','2023-05-11 14:00:00','2023-05-11 18:00:00','水景路','数据采集',NULL,'1','2023-05-11 01:47:51','2023-05-11 01:31:17','8','30',1,'',NULL),(881,'118','带不带挂都可以','5',67,'J6VB4','L3+','2023-05-12 09:00:00','2023-05-12 18:00:00','水景路','水景路',NULL,'1','2023-05-15 01:18:41','2023-05-11 01:38:08','8','27',5,'',NULL),(882,'54','','4',43,'J7A5','L3+','2023-05-12 09:00:00','2023-05-12 18:00:00','水景路 ','定位测试 ',NULL,'1','2023-05-12 00:42:50','2023-05-11 09:42:01','8','30',1,'',NULL),(883,'64','','11',63,'J6VB5','L2','2023-05-12 10:00:00','2023-05-12 18:00:00','水景路','无车道线感知测试','周边城镇','1','2023-05-12 00:42:34','2023-05-11 10:16:58','8','25',1,'',NULL),(884,'45','','7',54,'J6FA1','环卫','2023-05-12 09:48:00','2023-05-12 18:00:00','公司楼下停车位','调试Dspace方案',NULL,'1','2023-05-12 01:53:57','2023-05-12 01:49:46','8','21',1,'',NULL),(885,'72','','9',39,'J7A04','L4','2023-05-15 09:00:00','2023-05-15 12:00:00','水景路','数据采集',NULL,'1','2023-05-12 06:07:31','2023-05-12 06:07:20',NULL,NULL,5,NULL,NULL),(886,'72','','9',39,'J7A04','L4','2023-05-15 09:00:00','2023-05-15 18:00:00','水景路','数据采集',NULL,'1','2023-05-15 00:34:23','2023-05-12 06:08:04','8','10',1,'',NULL),(887,'133','','12',72,'P2','L3+','2023-05-16 09:10:00','2023-05-26 18:30:00','司机师傅于厂房直接出发乌镇','乌镇测试','苏州-乌镇桐乡','1','2023-05-15 01:28:04','2023-05-15 01:17:36','8','10',1,'',NULL),(888,'133','','12',71,'P1','L3+','2023-05-15 09:10:00','2023-05-26 18:30:00','司机师傅于厂房直接出发乌镇','编队行驶乌镇测试','苏州-乌镇桐乡','1','2023-05-15 01:19:59','2023-05-15 01:18:28','8','30',1,'',NULL),(889,'133','','12',42,'J7A4','L3+','2023-05-16 09:00:00','2023-05-26 18:30:00','司机师傅于厂房直接出发乌镇','编队行驶乌镇测试','苏州-乌镇桐乡','1','2023-05-15 01:27:54','2023-05-15 01:19:33','8','25',1,'',NULL),(890,'118','带不带挂都可以，停在水景路','5',67,'J6VB4','L3+','2023-05-17 09:00:00','2023-05-19 18:00:00','水景路','非应用层集成测试',NULL,'1','2023-05-17 00:21:19','2023-05-15 01:20:38','8','12',1,'',NULL),(891,'151','','10',58,'J6VA9','L3+','2023-05-15 09:40:00','2023-05-18 18:00:00','水景路','在线标定性能测试',NULL,'1','2023-05-15 01:44:19','2023-05-15 01:41:09','8','27',1,'',NULL),(892,'48','','7',38,'J7A03','L4','2023-05-15 13:00:00','2023-05-15 18:00:00','水景路','调试',NULL,'1','2023-05-15 02:05:06','2023-05-15 01:47:11','8','22',1,'',NULL),(893,'82','','10',38,'J7A03','L4','2023-05-16 09:00:00','2023-05-16 18:00:00','厂房','标定',NULL,'1','2023-05-15 08:43:21','2023-05-15 03:10:59',NULL,NULL,5,NULL,NULL),(894,'45','','7',54,'J6FA1','环卫','2023-05-15 13:00:00','2023-05-15 18:00:00','水景路','调试dSPACE',NULL,'1','2023-05-15 03:28:14','2023-05-15 03:13:45','8','27',1,'',NULL),(895,'139','','10',39,'J7A04','L4','2023-05-16 13:00:00','2023-05-16 18:00:00','水景路','采集相机激光联合标定数据',NULL,'1','2023-05-16 00:35:42','2023-05-15 05:55:51','8','13',1,'',NULL),(896,'150','','7',61,'J6VB3','L2','2023-05-16 09:00:00','2023-05-19 18:00:00','水景路','测试',NULL,'9','2023-05-16 00:35:01','2023-05-15 06:10:46','8','26',1,'',NULL),(897,'45','','7',61,'J6VB3','L2','2023-05-15 18:00:00','2023-05-15 18:00:00','水景路','测试AEB',NULL,'1','2023-05-15 07:22:39','2023-05-15 07:18:53','8','26',1,'',NULL),(898,'137','','6',38,'J7A03','L4','2023-05-17 10:00:00','2023-05-17 18:00:00','水景路','城区闭环测试',NULL,'1','2023-05-17 00:20:19','2023-05-15 08:28:48','8','22',1,'',NULL),(899,'82','','10',37,'J7A02','L4','2023-05-16 09:00:00','2023-05-16 18:00:00','厂房','标定',NULL,'1','2023-05-16 00:34:27','2023-05-15 08:44:09','8','9',1,'',NULL),(900,'72','','9',44,'J7A6','L3+','2023-05-16 13:00:00','2023-05-16 18:00:00','水景路','数据采集',NULL,'1','2023-05-16 01:42:16','2023-05-16 01:19:32','8','12',1,'',NULL),(901,'80','','6',53,'J6LB2','洗扫车','2023-05-16 09:00:00','2023-05-16 12:00:00','公司楼下停车位','orin测试',NULL,'1','2023-05-16 01:34:52','2023-05-16 01:20:46',NULL,NULL,5,NULL,NULL),(902,'60','','7',66,'J6VB3','L3+','2023-05-17 09:00:00','2023-05-18 18:00:00','水景路','版本测试',NULL,'1','2023-05-17 00:20:47','2023-05-16 01:26:45','8','31',1,'',NULL),(903,'80','','6',53,'J6LB2','洗扫车','2023-05-16 09:00:00','2023-05-16 18:00:00','公司楼下停车位','cicd包测试',NULL,'1','2023-05-16 01:47:15','2023-05-16 01:35:33',NULL,NULL,5,NULL,NULL),(904,'146','','7',38,'J7A03','L4','2023-05-16 13:30:00','2023-05-16 18:00:00','水景路','测试',NULL,'1','2023-05-16 02:09:52','2023-05-16 02:05:24','8','22',1,'',NULL),(905,'54','','4',66,'J6VB3','L3+','2023-05-16 13:00:00','2023-05-16 18:00:00','厂房','标定验证',NULL,'1','2023-05-16 02:57:38','2023-05-16 02:45:55','8','31',1,'',NULL),(906,'54','','4',67,'J6VB4','L3+','2023-05-16 13:00:00','2023-05-16 18:00:00','厂房','标定验证',NULL,'1','2023-05-16 02:57:15','2023-05-16 02:46:56','8','23',1,'',NULL),(907,'56','','4',37,'J7A02','L4','2023-05-17 09:00:00','2023-05-17 18:00:00','厂房','数据采集','厂房','1','2023-05-17 00:21:57','2023-05-16 06:34:56','8','9',1,'',NULL),(908,'82','','10',37,'J7A02','L4','2023-05-18 09:00:00','2023-05-19 18:00:00','水景路','采集数据','高架','1','2023-05-18 01:13:19','2023-05-16 09:17:52','8','9',1,'',NULL),(909,'75','','9',44,'J7A6','L3+','2023-05-17 09:00:00','2023-05-17 18:00:00','水景路','视觉检测',NULL,'1','2023-05-17 00:21:36','2023-05-16 09:27:26','8','16',1,'',NULL),(910,'137','','6',38,'J7A03','L4','2023-05-18 10:00:00','2023-05-18 18:00:00','水景路','城区闭环测试',NULL,'1','2023-05-17 23:54:54','2023-05-16 10:07:57','8','22',1,'',NULL),(911,'116','','11',53,'J6LB2','洗扫车','2023-05-17 09:30:00','2023-05-17 16:00:00','公司楼下','雷达安装、驱动配置及测试',NULL,'1','2023-05-18 08:44:34','2023-05-16 10:55:16','8','27',1,'',NULL),(912,'139','','10',38,'J7A03','L4','2023-05-19 09:00:00','2023-05-19 12:00:00','水景路','测试',NULL,'1','2023-05-19 00:32:59','2023-05-18 01:20:32','8','13',1,'',NULL),(913,'89','','13',39,'J7A04','L4','2023-05-18 13:00:00','2023-05-18 18:00:00','水景路','相机验证',NULL,'1','2023-05-18 05:26:22','2023-05-18 05:01:50','8','14',1,'',NULL),(914,'45','','7',54,'J6FA1','环卫','2023-05-18 13:00:00','2023-05-18 18:00:00','水景路','调试dSPACE',NULL,'1','2023-05-18 08:44:06','2023-05-18 06:14:30','8','27',1,'',NULL),(915,'72','','9',39,'J7A04','L4','2023-05-19 09:00:00','2023-05-19 18:00:00','水景路','数据采集',NULL,'1','2023-05-19 01:35:36','2023-05-19 01:27:40','8','27',1,'',NULL),(916,'161','','5',65,'J6VB2','L3+','2023-05-22 09:00:00','2023-05-26 18:00:00','水景路','自检测试& 月底发版测试',NULL,'8','2023-05-22 00:32:21','2023-05-19 02:10:41','8','12',1,'',NULL),(917,'54','','4',43,'J7A5','L3+','2023-05-19 09:00:00','2023-05-19 18:00:00','厂房','数据采集',NULL,'1','2023-05-19 02:23:46','2023-05-19 02:20:08','8','15',1,'',NULL),(918,'89','','13',39,'J7A04','L4','2023-05-22 09:00:00','2023-05-22 12:00:00','厂房','激光故障排查',NULL,'1','2023-05-22 00:34:01','2023-05-19 11:06:15','8','23',1,'',NULL),(919,'89','','13',38,'J7A03','L4','2023-05-22 09:00:00','2023-05-22 12:00:00','厂房','激光故障排查','厂房','1','2023-05-22 00:39:46','2023-05-22 00:35:37','8','23',1,'',NULL),(920,'54','','4',37,'J7A02','L4','2023-05-22 09:00:00','2023-05-22 18:00:00','水景路','定位数据采集',NULL,'1','2023-05-22 01:25:56','2023-05-22 01:17:07','8','27',1,'',NULL),(921,'54','','4',37,'J7A02','L4','2023-05-23 09:00:00','2023-05-23 18:00:00','水景路','定位验证',NULL,'1','2023-05-23 00:09:12','2023-05-22 01:18:29','8','9',1,'',NULL),(922,'82','','10',37,'J7A02','L4','2023-05-24 09:00:00','2023-05-26 18:00:00','水景路','采集数据','高架','1','2023-05-24 00:23:50','2023-05-22 01:30:51','8','9',1,'',NULL),(923,'36','','5',67,'J6VB4','L3+','2023-05-23 09:00:00','2023-05-23 18:00:00','水景路','测试',NULL,'1','2023-05-23 00:08:55','2023-05-22 02:19:40','8','12',1,'',NULL),(924,'166','','13',70,'J6VB5','L3+','2023-05-22 13:00:00','2023-05-22 18:00:00','车厂','IDPS测试',NULL,'1','2023-05-22 06:14:14','2023-05-22 05:57:41',NULL,NULL,5,NULL,NULL),(925,'150','','7',61,'J6VB3','L2','2023-05-23 09:00:00','2023-05-23 18:00:00','厂房','测试',NULL,'9','2023-05-23 00:09:37','2023-05-22 06:56:40','8','26',1,'',NULL),(926,'146','','7',38,'J7A03','L4','2023-05-23 09:00:00','2023-05-23 18:00:00','水景路','测试',NULL,'2','2023-05-23 00:10:03','2023-05-22 07:19:30','8','27',1,'',NULL),(927,'166','','13',64,'J6VB1','L3+','2023-05-23 09:00:00','2023-05-23 18:00:00','厂房','IDPS测试',NULL,'1','2023-05-23 02:45:36','2023-05-23 02:04:18','8','20',1,'',NULL),(928,'145','需要到水景路','6',66,'J6VB3','L3+','2023-05-24 13:00:00','2023-05-24 18:00:00','苏州','水景路','绕城','1','2023-05-24 00:23:39','2023-05-23 07:06:34','8','23',1,'',NULL),(929,'43','','7',61,'J6VB3','L2','2023-05-24 13:00:00','2023-05-24 18:00:00','水景路','软件测试',NULL,'8','2023-05-24 00:23:22','2023-05-23 09:33:16','8','26',1,'',NULL),(930,'33','','8',39,'J7A04','L4','2023-05-24 09:00:00','2023-05-24 18:00:00','水景路','激光测试',NULL,'1','2023-05-24 00:23:07','2023-05-23 09:54:52','8','27',1,'',NULL),(931,'166','','13',64,'J6VB1','L3+','2023-05-24 09:00:00','2023-05-24 18:00:00','车厂','IDPS测试',NULL,'1','2023-05-24 00:22:17','2023-05-23 10:12:11','8','9',1,'',NULL),(932,'60','','7',66,'J6VB3','L3+','2023-05-25 09:00:00','2023-05-26 18:00:00','水景路','调试',NULL,'8','2023-05-25 00:40:50','2023-05-24 01:15:03','8','12',1,'',NULL),(933,'54','','4',38,'J7A03','L4','2023-05-24 09:00:00','2023-05-24 18:00:00','水景路','定位验证',NULL,'1','2023-05-24 01:38:40','2023-05-24 01:36:42','8','16',1,'',NULL),(934,'54','','4',38,'J7A03','L4','2023-05-25 09:00:00','2023-05-25 18:00:00','水景路','定位验证',NULL,'1','2023-05-25 00:41:02','2023-05-24 01:37:15','8','16',1,'',NULL),(935,'36','','5',67,'J6VB4','L3+','2023-05-24 11:00:00','2023-05-24 18:00:00','水景路','测试',NULL,'1','2023-05-24 03:09:24','2023-05-24 02:58:18','8','15',1,'',NULL),(936,'45','','7',60,'J6VB2','L2','2023-05-25 09:00:00','2023-05-25 18:00:00','水景路','测试AEB功能',NULL,'1','2023-05-25 00:43:42','2023-05-24 08:50:33','8','15',1,'',NULL),(937,'45','','7',56,'hs5','红旗','2023-05-25 09:00:00','2023-05-25 12:00:00','水景路','验证AEB功能',NULL,'1','2023-05-25 00:41:17','2023-05-24 09:15:54','8','24',1,'',NULL),(938,'166','','13',64,'J6VB1','L3+','2023-05-25 09:00:00','2023-05-25 18:00:00','高速','IDPS测试',NULL,'1','2023-05-25 00:44:09','2023-05-24 09:57:05','8','27',1,'',NULL),(939,'43','','7',61,'J6VB3','L2','2023-05-25 13:30:00','2023-05-25 18:00:00','水景路','控制软件测试',NULL,'8','2023-05-25 00:40:09','2023-05-24 10:30:44','8','26',1,'',NULL),(940,'36','','5',67,'J6VB4','L3+','2023-05-25 09:00:00','2023-05-25 18:00:00','水景路','测试',NULL,'1','2023-05-25 03:28:04','2023-05-25 01:26:36','8','14',1,'',NULL),(941,'153','车停在办公楼下','7',54,'J6FA1','环卫','2023-05-25 13:30:00','2023-05-25 18:00:00','水景路','控制性能调试',NULL,'1','2023-05-25 03:27:48','2023-05-25 01:39:06','8','21',1,'',NULL),(942,'140','','10',58,'J6VA9','L3+','2023-05-25 09:00:00','2023-05-25 12:00:00','水景路','测试场景分类',NULL,'1','2023-05-25 23:22:59','2023-05-25 09:29:49',NULL,NULL,5,NULL,NULL),(943,'43','','7',61,'J6VB3','L2','2023-05-26 09:00:00','2023-05-26 18:00:00','水景路','控制软件测试',NULL,'8','2023-05-26 00:29:01','2023-05-25 09:45:48','8','13',1,'',NULL),(944,'140','','10',58,'J6VA9','L3+','2023-05-26 09:00:00','2023-05-26 12:00:00','水景路','测试场景分类',NULL,'1','2023-05-26 01:20:38','2023-05-26 01:20:25','8','14',1,'',NULL),(945,'170','','11',38,'J7A03','L4','2023-05-26 14:00:00','2023-05-26 18:00:00','水景路','红绿灯测试',NULL,'1','2023-05-26 02:49:13','2023-05-26 02:42:25','8','31',1,'',NULL),(946,'166','','13',64,'J6VB1','L3+','2023-05-26 14:00:00','2023-05-26 16:00:00','高速','IDPS测试',NULL,'1','2023-05-26 04:58:48','2023-05-26 02:46:56',NULL,NULL,5,NULL,NULL),(947,'140','','10',39,'J7A04','L4','2023-05-26 14:30:00','2023-05-26 18:00:00','水景路','测试',NULL,'1','2023-05-26 05:52:26','2023-05-26 05:07:08','8','16',1,'',NULL),(948,'80','','6',66,'J6VB3','L3+','2023-05-29 09:00:00','2023-05-29 18:00:00','水景路','测试',NULL,'1','2023-05-29 00:26:43','2023-05-26 05:20:09','8','31',1,'',NULL),(949,'140','','10',38,'J7A03','L4','2023-05-29 09:00:00','2023-05-29 12:00:00','水景路','测试路杆及标志牌',NULL,'1','2023-05-29 00:26:04','2023-05-26 07:20:44','8','22',1,'',NULL),(950,'60','','7',64,'J6VB1','L3+','2023-05-29 09:00:00','2023-05-29 18:00:00','水景路','调试',NULL,'8','2023-05-29 09:17:31','2023-05-29 00:21:39',NULL,NULL,5,NULL,NULL),(951,'60','','7',67,'J6VB4','L3+','2023-05-29 09:00:00','2023-05-29 18:00:00','水景路','调试',NULL,'8','2023-05-29 00:39:10','2023-05-29 00:38:02','8','23',1,'',NULL),(952,'54','','4',56,'hs5','红旗','2023-05-29 09:00:00','2023-05-29 18:00:00','公司楼下 ','调试',NULL,'1','2023-05-29 01:16:52','2023-05-29 01:15:39','8','24',1,'',NULL),(953,'82','','10',37,'J7A02','L4','2023-05-30 09:00:00','2023-06-01 18:00:00','水景路','采集数据','高架','1','2023-05-30 00:31:27','2023-05-29 01:22:07','8','9',1,'',NULL),(954,'82','','10',37,'J7A02','L4','2023-05-29 13:00:00','2023-05-29 18:00:00','水景路','采集数据','高架＋城区','1','2023-05-29 02:00:37','2023-05-29 01:46:53','8','9',1,'',NULL),(955,'82','','10',37,'J7A02','L4','2023-05-29 09:00:00','2023-05-29 12:00:00','厂房','标定',NULL,'1','2023-05-29 02:01:07','2023-05-29 01:53:58','8','9',1,'',NULL),(956,'36','','5',58,'J6VA9','L3+','2023-05-29 10:00:00','2023-05-29 18:00:00','厂房','测试',NULL,'1','2023-05-29 02:01:49','2023-05-29 01:57:59','8','15',1,'',NULL),(957,'54','','4',56,'hs5','红旗','2023-05-30 09:00:00','2023-06-02 18:00:00','天成楼下 ','调试',NULL,'1','2023-05-29 02:18:17','2023-05-29 02:14:37','8','15',1,'',NULL),(958,'139','','10',38,'J7A03','L4','2023-05-29 13:00:00','2023-05-29 18:00:00','厂房','算法验证',NULL,'1','2023-05-29 05:47:39','2023-05-29 05:36:54','8','22',1,'',NULL),(959,'48','','7',38,'J7A03','L4','2023-05-30 09:00:00','2023-05-30 12:00:00','水景路','调试',NULL,'2','2023-05-30 00:30:34','2023-05-29 07:33:29','8','14',1,'',NULL),(960,'48','','7',38,'J7A03','L4','2023-05-30 13:00:00','2023-05-30 18:00:00','水景路','调试',NULL,'2','2023-05-30 00:31:07','2023-05-29 07:33:55','8','14',1,'',NULL),(961,'48','','7',38,'J7A03','L4','2023-05-31 09:00:00','2023-05-31 12:00:00','水景路','调试',NULL,'2','2023-05-31 00:27:26','2023-05-29 07:34:16','8','14',1,'',NULL),(962,'48','','7',38,'J7A03','L4','2023-05-31 13:00:00','2023-05-31 18:00:00','水景路','调试',NULL,'2','2023-05-31 00:27:50','2023-05-29 07:34:36','8','14',1,'',NULL),(963,'166','','13',64,'J6VB1','L3+','2023-05-30 09:30:00','2023-05-30 11:30:00','高速','IDPS测试',NULL,'1','2023-05-30 00:33:07','2023-05-29 08:37:19','8','30',1,'',NULL),(964,'54','','4',43,'J7A5','L3+','2023-05-30 09:00:00','2023-05-30 18:00:00','厂房外空地','功能验证',NULL,'1','2023-05-30 00:33:53','2023-05-29 10:13:09','8','25',1,'',NULL),(965,'80','','6',66,'J6VB3','L3+','2023-05-30 13:00:00','2023-05-30 18:00:00','水景路','规划',NULL,'1','2023-05-30 03:20:51','2023-05-30 01:38:27','8','30',1,'',NULL),(966,'89','','13',39,'J7A04','L4','2023-05-30 13:00:00','2023-05-30 18:00:00','水景路','测试8M相机成像',NULL,'1','2023-05-30 03:18:47','2023-05-30 02:36:48','8','23',1,'',NULL),(967,'60','','7',67,'J6VB4','L3+','2023-05-30 13:00:00','2023-05-30 18:00:00','水景路','换道调试',NULL,'8','2023-05-30 03:20:35','2023-05-30 02:55:39','8','26',1,'',NULL),(968,'33','','8',39,'J7A04','L4','2023-05-31 09:00:00','2023-05-31 12:00:00','水景路','激光测试',NULL,'1','2023-05-31 00:28:17','2023-05-30 07:35:12','8','10',1,'',NULL),(969,'140','','10',58,'J6VA9','L3+','2023-05-30 16:50:00','2023-05-30 18:00:00','厂房','模块测试',NULL,'1','2023-05-30 08:46:42','2023-05-30 08:41:09','8','25',1,'',NULL),(970,'140','','10',58,'J6VA9','L3+','2023-05-31 09:00:00','2023-05-31 12:00:00','厂房','视觉模块测试',NULL,'1','2023-05-31 00:28:35','2023-05-30 08:56:24','8','25',1,'',NULL),(971,'119','','6',38,'J7A03','L4','2023-06-01 09:00:00','2023-06-02 19:00:00','苏州','L4城区闭环测试',NULL,'1','2023-06-01 00:05:30','2023-05-30 09:05:09','8','22',1,'',NULL),(972,'60','','7',67,'J6VB4','L3+','2023-05-31 13:00:00','2023-05-31 18:00:00','水景路','调试',NULL,'1','2023-05-31 01:45:59','2023-05-31 01:23:39','8','26',1,'',NULL),(973,'151','开车门注意不要碰到标定板','10',58,'J6VA9','L3+','2023-05-31 13:00:00','2023-06-02 18:00:00','厂房下线标定工位','eol标定测试',NULL,'1','2023-05-31 01:40:51','2023-05-31 01:27:30','8','25',1,'',NULL),(974,'82','','10',37,'J7A02','L4','2023-06-02 09:00:00','2023-06-02 18:00:00','水景路','采集数据','城区','1','2023-06-02 00:38:24','2023-05-31 01:29:04','8','9',1,'',NULL),(975,'80','','6',66,'J6VB3','L3+','2023-05-31 14:00:00','2023-05-31 18:00:00','水景路','测试',NULL,'1','2023-05-31 02:37:09','2023-05-31 02:08:57','8','13',1,'',NULL),(976,'54','','4',43,'J7A5','L3+','2023-05-31 09:00:00','2023-05-31 18:00:00','厂房外面','调试',NULL,'1','2023-05-31 02:41:06','2023-05-31 02:37:36','8','25',1,'',NULL),(977,'89','','13',39,'J7A04','L4','2023-06-01 09:00:00','2023-06-01 12:00:00','水景路','相机图像采集',NULL,'1','2023-06-01 00:25:05','2023-05-31 09:25:29','8','10',1,'',NULL),(978,'60','','7',67,'J6VB4','L3+','2023-06-01 09:00:00','2023-06-01 18:00:00','水景路','调试',NULL,'8','2023-06-01 00:25:20','2023-06-01 00:12:40','8','13',1,'',NULL),(979,'54','','4',54,'J6FA1','环卫','2023-06-01 09:00:00','2023-06-01 18:00:00','天成','采集',NULL,'1','2023-06-01 01:29:28','2023-06-01 01:22:50','8','27',1,'',NULL),(980,'60','','7',67,'J6VB4','L3+','2023-06-02 09:00:00','2023-06-02 18:00:00','水景路','调试',NULL,'1','2023-06-02 00:37:38','2023-06-01 08:11:10','8','13',1,'',NULL),(981,'89','','13',39,'J7A04','L4','2023-06-02 09:00:00','2023-06-02 18:00:00','水景路','相机图像采集',NULL,'1','2023-06-02 00:37:50','2023-06-01 10:35:53','8','10',1,'',NULL),(982,'89','','13',53,'J6LB2','洗扫车','2023-06-02 09:00:00','2023-06-02 12:00:00','厂房','安装autobox',NULL,'1','2023-06-02 00:32:41','2023-06-01 10:36:39','8','19',1,'',NULL),(983,'72','','9',36,'J7A01','L4','2023-06-02 13:30:00','2023-06-02 18:00:00','水景路','数据采集',NULL,'1','2023-06-02 02:47:26','2023-06-02 02:08:08','8','25',1,'',NULL),(984,'72','','9',36,'J7A01','L4','2023-06-05 09:00:00','2023-06-05 18:00:00','水景路','数据采集',NULL,'1','2023-06-05 00:43:27','2023-06-02 02:41:06','8','11',1,'',NULL),(985,'60','','7',67,'J6VB4','L3+','2023-06-05 09:00:00','2023-06-05 18:00:00','水景路','调试',NULL,'1','2023-06-05 01:08:55','2023-06-05 00:52:28','8','12',1,'',NULL),(986,'128','','5',65,'J6VB2','L3+','2023-06-05 09:00:00','2023-06-18 18:00:00','水景路','发版测试','苏州绕城、大盘山、上海~青岛','8','2023-06-05 01:10:44','2023-06-05 01:09:09','8','12',1,'',NULL),(987,'56','','4',56,'hs5','红旗','2023-06-06 09:00:00','2023-06-06 18:00:00','公司楼下','路况是否更新','demo地图','1','2023-06-05 04:28:58','2023-06-05 02:39:54',NULL,NULL,5,NULL,NULL),(988,'54','','4',43,'J7A5','L3+','2023-06-05 09:00:00','2023-06-05 18:00:00','水景路','定位验证',NULL,'1','2023-06-05 05:30:52','2023-06-05 02:58:34','8','26',1,'',NULL),(989,'72','','9',36,'J7A01','L4','2023-06-07 09:00:00','2023-06-07 18:00:00','水景路','数据采集',NULL,'1','2023-06-05 07:50:19','2023-06-05 03:07:19',NULL,NULL,5,NULL,NULL),(990,'170','','11',38,'J7A03','L4','2023-06-06 14:00:00','2023-06-06 18:00:00','水景路','红绿灯数据采集',NULL,'1','2023-06-06 00:20:35','2023-06-05 03:20:05','8','22',1,'',NULL),(991,'48','','7',38,'J7A03','L4','2023-06-06 09:00:00','2023-06-06 12:00:00','水景','调试',NULL,'1','2023-06-06 00:20:18','2023-06-05 05:52:43','8','22',1,'',NULL),(992,'48','','7',38,'J7A03','L4','2023-06-07 09:00:00','2023-06-07 12:00:00','水景路','调试',NULL,'1','2023-06-07 00:26:06','2023-06-05 05:53:20','8','22',1,'',NULL),(993,'48','','7',38,'J7A03','L4','2023-06-07 13:00:00','2023-06-07 18:00:00','水景路','调试',NULL,'1','2023-06-07 00:27:25','2023-06-05 05:54:02','8','22',1,'',NULL),(994,'72','','9',36,'J7A01','L4','2023-06-07 09:00:00','2023-06-07 18:00:00','水景路','数据采集',NULL,'1','2023-06-07 00:27:54','2023-06-05 07:51:40','8','14',1,'',NULL),(995,'43','','7',61,'J6VB3','L2','2023-06-06 09:00:00','2023-06-06 18:00:00','水景路','软件测试',NULL,'8','2023-06-06 00:22:12','2023-06-05 07:58:57','8','26',1,'',NULL),(996,'42','','7',66,'J6VB3','L3+','2023-06-06 09:00:00','2023-06-06 18:00:00','水景路','控制调试',NULL,'8','2023-06-06 01:09:32','2023-06-06 00:59:05','8','11',1,'',NULL),(997,'42','','7',66,'J6VB3','L3+','2023-06-07 09:00:00','2023-06-09 18:00:00','大盘山测试','山区调试',NULL,'8','2023-06-06 01:11:16','2023-06-06 00:59:46','8','11',1,'',NULL),(998,'82','','10',37,'J7A02','L4','2023-06-06 09:00:00','2023-06-09 18:00:00','水景路','采集数据','城区','1','2023-06-06 01:33:11','2023-06-06 01:23:53','8','27',1,'',NULL),(999,'137','','6',38,'J7A03','L4','2023-06-08 10:00:00','2023-06-09 18:00:00','水景路','闭环测试',NULL,'1','2023-06-07 08:50:59','2023-06-06 01:37:22','8','22',5,'',NULL),(1000,'63','','7',67,'J6VB4','L3+','2023-06-07 09:00:00','2023-06-09 18:00:00','水景路','横向控制中等载荷调试',NULL,'5','2023-06-08 09:56:53','2023-06-06 02:12:47','8','30',5,'',NULL),(1001,'56','','4',56,'hs5','红旗','2023-06-06 13:00:00','2023-06-06 18:00:00','公司楼下','数据采集','公司附近','1','2023-06-06 06:59:20','2023-06-06 06:57:13','8','24',1,'',NULL),(1002,'56','','4',56,'hs5','红旗','2023-06-07 09:00:00','2023-06-07 12:00:00','公司楼下','数据采集','相城-谓塘','1','2023-06-07 00:23:08','2023-06-06 07:04:30','8','27',1,'',NULL),(1003,'56','','4',56,'hs5','红旗','2023-06-07 13:00:00','2023-06-07 18:00:00','公司楼下','数据采集','谓塘','1','2023-06-07 00:23:24','2023-06-06 07:12:41','8','27',1,'',NULL),(1004,'43','','7',61,'J6VB3','L2','2023-06-07 09:00:00','2023-06-07 18:00:00','水景路','软件测试',NULL,'8','2023-06-07 00:23:56','2023-06-06 10:01:56','8','15',1,'',NULL),(1005,'54','','4',34,'J7A11','L4（demo）','2023-06-07 13:00:00','2023-06-07 18:00:00','水景路','定位验证',NULL,'1','2023-06-07 03:40:01','2023-06-07 03:27:49','8','25',1,'',NULL),(1006,'54','','4',34,'J7A11','L4（demo）','2023-06-08 09:00:00','2023-06-08 18:00:00','水景路','定位调试',NULL,'1','2023-06-07 06:30:47','2023-06-07 03:28:37',NULL,NULL,5,NULL,NULL),(1007,'128','','5',64,'J6VB1','L3+','2023-06-07 13:00:00','2023-06-07 18:00:00','水景路','软件部署',NULL,'1','2023-06-07 06:56:58','2023-06-07 06:45:40','8','20',1,'',NULL),(1008,'1','苏州-盐城路测，当天往返','12',64,'J6VB1','L3+','2023-06-08 09:00:00','2023-06-08 18:00:00','厂房','道路测试','苏州-盐城','8','2023-06-08 00:59:23','2023-06-07 06:50:20','8','13',1,'',NULL),(1009,'48','','7',38,'J7A03','L4','2023-06-12 13:00:00','2023-06-12 18:00:00','水景路','调试',NULL,'1','2023-06-12 00:27:31','2023-06-07 08:28:11','8','15',1,'',NULL),(1010,'48','','7',38,'J7A03','L4','2023-06-13 13:00:00','2023-06-13 18:00:00','水景路','调试',NULL,'1','2023-06-13 00:38:36','2023-06-07 08:28:33','8','14',1,'',NULL),(1011,'137','','6',38,'J7A03','L4','2023-06-09 10:00:00','2023-06-09 18:00:00','水景路','城区闭环测试',NULL,'1','2023-06-09 01:05:36','2023-06-07 08:51:31','8','22',1,'',NULL),(1012,'48','','7',38,'J7A03','L4','2023-06-08 13:00:00','2023-06-08 18:00:00','水景路','调试',NULL,'1','2023-06-08 01:00:18','2023-06-07 08:51:46','8','22',1,'',NULL),(1013,'56','','4',56,'hs5','红旗','2023-06-08 09:00:00','2023-06-08 18:00:00','公司楼下','数据采集','公司附近','1','2023-06-08 00:58:46','2023-06-08 00:45:51','8','27',1,'',NULL),(1014,'80','','6',66,'J6VB3','L3+','2023-06-12 09:00:00','2023-06-12 18:00:00','水景路','测试',NULL,'1','2023-06-12 00:25:31','2023-06-08 01:25:42','8','31',1,'',NULL),(1015,'104','','10',38,'J7A03','L4','2023-06-08 10:00:00','2023-06-08 12:00:00','水景路','L4 视觉测试',NULL,'1','2023-06-08 01:57:58','2023-06-08 01:54:45','8','22',1,'',NULL),(1016,'80','','6',66,'J6VB3','L3+','2023-06-14 09:30:00','2023-06-14 18:00:00','水景路','功能测试',NULL,'1','2023-06-12 01:16:57','2023-06-09 01:11:47',NULL,NULL,5,NULL,NULL),(1017,'138','','5',53,'J6LB2','洗扫车','2023-06-12 13:00:00','2023-06-12 16:00:00','公司楼下','测试',NULL,'1','2023-06-12 00:28:33','2023-06-09 01:40:29','8','19',1,'',NULL),(1018,'139','','10',54,'J6FA1','环卫','2023-06-12 09:00:00','2023-06-12 18:00:00','厂房','标定',NULL,'1','2023-06-12 00:26:02','2023-06-09 01:45:59','8','21',1,'',NULL),(1019,'56','','4',56,'hs5','红旗','2023-06-09 13:00:00','2023-06-09 18:00:00','公司楼下','数据采集','环卫demo','1','2023-06-09 05:01:06','2023-06-09 03:44:13','8','27',1,'',NULL),(1020,'1','','12',64,'J6VB1','L3+','2023-06-10 09:00:00','2023-06-10 12:00:00','厂房','前往太仓更换方向盘',NULL,'1','2023-06-11 00:55:39','2023-06-09 03:50:54',NULL,NULL,5,NULL,NULL),(1021,'1','J6V L3 B1 B2两台车带重挂，前往青岛路测','12',64,'J6VB1','L3+','2023-06-13 09:00:00','2023-06-16 18:00:00','厂房','前往青岛道路测试',NULL,'8','2023-06-13 00:30:49','2023-06-09 03:52:27','8','11',1,'',NULL),(1022,'82','','10',53,'J6LB2','洗扫车','2023-06-12 09:00:00','2023-06-12 12:00:00','公司楼下','采集数据','城区','1','2023-06-12 00:26:37','2023-06-09 05:25:02','8','19',1,'',NULL),(1023,'82','','10',53,'J6LB2','洗扫车','2023-06-13 15:00:00','2023-06-13 18:00:00','公司楼下','采集数据','城区','1','2023-06-13 00:35:35','2023-06-09 05:26:05','8','27',1,'',NULL),(1024,'82','','10',53,'J6LB2','洗扫车','2023-06-14 15:00:00','2023-06-14 18:00:00','公司楼下','采集数据','城区','1','2023-06-13 07:17:15','2023-06-09 05:26:51',NULL,NULL,5,NULL,NULL),(1025,'82','','10',53,'J6LB2','洗扫车','2023-06-15 15:00:00','2023-06-15 18:00:00','公司楼下','采集数据','城区','1','2023-06-13 07:17:10','2023-06-09 05:27:19',NULL,NULL,5,NULL,NULL),(1026,'168','','9',53,'J6LB2','洗扫车','2023-06-13 09:00:00','2023-06-13 12:00:00','水景路','采集','','2','2023-06-13 00:32:01','2023-06-09 06:08:55','8','27',1,'',NULL),(1027,'168','','9',53,'J6LB2','洗扫车','2023-06-14 09:00:00','2023-06-14 12:00:00','水晶路','采集',NULL,'2','2023-06-13 08:16:36','2023-06-09 06:10:03',NULL,NULL,5,NULL,NULL),(1028,'168','','9',53,'J6LB2','洗扫车','2023-06-15 09:00:00','2023-06-15 12:00:00','水景路','采集',NULL,'2','2023-06-13 08:39:39','2023-06-09 06:10:41',NULL,NULL,5,NULL,NULL),(1029,'137','','6',38,'J7A03','L4','2023-06-13 09:00:00','2023-06-13 12:00:00','水景路','城区闭环测试',NULL,'1','2023-06-12 09:52:28','2023-06-09 08:13:30',NULL,NULL,5,NULL,NULL),(1030,'137','','6',38,'J7A03','L4','2023-06-14 10:00:00','2023-06-14 18:00:00','水景路','城区闭环测试',NULL,'1','2023-06-14 00:34:50','2023-06-09 08:14:09','8','14',1,'',NULL),(1031,'140','','10',54,'J6FA1','环卫','2023-06-13 09:00:00','2023-06-13 12:00:00','公司楼下','测试红绿灯感知',NULL,'1','2023-06-13 00:31:16','2023-06-09 08:30:28','8','21',1,'',NULL),(1032,'145','','6',54,'J6FA1','环卫','2023-06-15 09:00:00','2023-06-15 18:00:00','公司楼下','环卫调试',NULL,'1','2023-06-15 00:12:20','2023-06-09 09:21:41','8','27',1,'',NULL),(1033,'145','','6',54,'J6FA1','环卫','2023-06-16 09:00:00','2023-06-16 18:00:00','公司楼下','环卫测试',NULL,'1','2023-06-16 00:26:05','2023-06-09 09:22:35','8','21',1,'',NULL),(1034,'170','','11',38,'J7A03','L4','2023-06-12 09:30:00','2023-06-12 12:00:00','水景路','毫米波雷达感知卡死测试',NULL,'1','2023-06-12 00:27:01','2023-06-09 10:45:40','8','15',1,'',NULL),(1035,'89','','13',58,'J6VA9','L3+','2023-06-11 09:00:00','2023-06-11 12:00:00','厂房','激光数据采集',NULL,'1','2023-06-12 00:23:34','2023-06-11 10:08:40','8','25',1,'',NULL),(1036,'128','','5',43,'J7A5','L3+','2023-06-12 09:00:00','2023-06-30 18:00:00','厂房','惯导测试','大盘山','1','2023-06-12 00:31:25','2023-06-12 00:28:10','8','15',1,'',NULL),(1037,'42','','7',66,'J6VB3','L3+','2023-06-13 09:00:00','2023-06-13 18:00:00','水景路','横向控制测试',NULL,'8','2023-06-12 01:33:45','2023-06-12 01:09:50',NULL,NULL,5,NULL,NULL),(1038,'45','','7',54,'J6FA1','环卫','2023-06-13 13:00:00','2023-06-13 18:00:00','公司楼下','调试',NULL,'1','2023-06-13 00:32:22','2023-06-12 01:15:08','8','31',1,'',NULL),(1039,'45','','7',54,'J6FA1','环卫','2023-06-14 09:00:00','2023-06-14 12:00:00','公司楼下','调试控制',NULL,'1','2023-06-14 00:33:11','2023-06-12 01:15:53','8','31',1,'',NULL),(1040,'45','','7',54,'J6FA1','环卫','2023-06-14 13:00:00','2023-06-14 18:00:00','公司楼下','调试控制',NULL,'1','2023-06-14 00:35:07','2023-06-12 01:16:22','8','31',1,'',NULL),(1041,'171','','11',37,'J7A02','L4','2023-06-12 09:00:00','2023-06-12 12:00:00','水景路','毫米波雷达驱动调试',NULL,'1','2023-06-12 01:42:31','2023-06-12 01:20:56','8','23',1,'',NULL),(1042,'42','','7',66,'J6VB3','L3+','2023-06-15 09:00:00','2023-06-15 18:00:00','水景路','横向控制',NULL,'8','2023-06-12 01:33:39','2023-06-12 01:21:15',NULL,NULL,5,NULL,NULL),(1043,'54','','4',56,'hs5','红旗','2023-06-12 09:00:00','2023-06-12 18:00:00','公司楼下','调试',NULL,'1','2023-06-12 01:43:02','2023-06-12 01:28:54','8','24',1,'',NULL),(1044,'42','','7',66,'J6VB3','L3+','2023-06-13 09:00:00','2023-06-15 18:00:00','水景路','大盘山区横向测试',NULL,'8','2023-06-13 03:39:52','2023-06-12 01:34:27','8','9',1,'',NULL),(1045,'42','','7',61,'J6VB3','L2','2023-06-13 09:00:00','2023-06-15 18:00:00','水景路','山区低速测试',NULL,'8','2023-06-13 00:31:38','2023-06-12 01:37:32','8','22',1,'',NULL),(1046,'150','','7',61,'J6VB3','L2','2023-06-12 13:00:00','2023-06-12 18:00:00','水景路','测试',NULL,'9','2023-06-12 03:45:18','2023-06-12 02:53:12','8','26',1,'',NULL),(1047,'171','','11',37,'J7A02','L4','2023-06-12 13:30:00','2023-06-12 18:00:00','水景路','毫米波雷达驱动调试',NULL,'1','2023-06-12 06:14:33','2023-06-12 05:38:49','8','23',1,'',NULL),(1048,'54','','4',58,'J6VA9','L3+','2023-06-12 14:00:00','2023-06-12 18:00:00','水景路','在线标定',NULL,'1','2023-06-12 06:18:05','2023-06-12 05:48:27','8','10',1,'',NULL),(1049,'171','','11',54,'J6FA1','环卫','2023-06-12 18:00:00','2023-06-12 19:30:00','公司楼下','毫米波雷达数据采集和泛测试',NULL,'1','2023-06-12 08:52:12','2023-06-12 07:07:19','8','21',1,'',NULL),(1050,'88','GSL4-1328','8',38,'J7A03','L4','2023-06-15 09:30:00','2023-06-15 11:30:00','水景路','zhito-gsl4分支激光模块X86测试','水景路','1','2023-06-15 00:12:57','2023-06-12 07:26:15','8','14',1,'',NULL),(1051,'1','','12',67,'J6VB4','L3+','2023-06-14 09:00:00','2023-06-14 18:00:00','水景路','公司拍摄宣传视频','常台高速-苏绍高速','2','2023-06-14 00:34:04','2023-06-12 08:50:04','8','13',1,'',NULL),(1052,'82','','10',53,'J6LB2','洗扫车','2023-06-16 15:00:00','2023-06-16 18:00:00','公司楼下','采集数据','城区','1','2023-06-13 07:17:02','2023-06-12 09:51:48',NULL,NULL,5,NULL,NULL),(1053,'89','','13',58,'J6VA9','L3+','2023-06-13 09:00:00','2023-06-13 12:00:00','厂房','激光数据采集',NULL,'1','2023-06-13 01:02:28','2023-06-13 00:53:06','8','13',1,'',NULL),(1054,'54','','4',53,'J6LB2','洗扫车','2023-06-16 09:00:00','2023-06-16 12:00:00','公司楼下','数据采集',NULL,'1','2023-06-13 09:33:05','2023-06-13 01:17:45',NULL,NULL,5,NULL,NULL),(1055,'56','','4',56,'hs5','红旗','2023-06-13 09:00:00','2023-06-13 12:00:00','公司楼下','数据采集','公司附近','1','2023-06-13 01:49:03','2023-06-13 01:24:36','8','24',1,'',NULL),(1056,'54','','4',53,'J6LB2','洗扫车','2023-06-13 13:00:00','2023-06-13 15:00:00','公司楼下','定位验证',NULL,'1','2023-06-13 03:38:12','2023-06-13 02:39:09','8','27',1,'',NULL),(1057,'45','','7',67,'J6VB4','L3+','2023-06-15 09:00:00','2023-06-15 12:00:00','厂房','测试制动性能',NULL,'9','2023-06-15 00:11:37','2023-06-13 03:32:28',NULL,NULL,5,NULL,NULL),(1058,'45','','7',66,'J6VB3','L3+','2023-06-16 09:00:00','2023-06-16 12:00:00','厂房','测试制动性能',NULL,'9','2023-06-16 00:29:11','2023-06-13 03:35:13','8','31',5,'',NULL),(1059,'142','','10',38,'J7A03','L4','2023-06-15 13:00:00','2023-06-15 18:00:00','水景路','测试',NULL,'1','2023-06-15 00:13:40','2023-06-13 03:48:08','8','14',1,'',NULL),(1060,'142','','10',38,'J7A03','L4','2023-06-16 09:00:00','2023-06-16 12:00:00','水景路','测试',NULL,'2','2023-06-16 00:26:53','2023-06-13 03:48:40','8','22',1,'',NULL),(1061,'43','','7',63,'J6VB5','L2','2023-06-13 09:00:00','2023-06-13 18:00:00','水景路','软件测试',NULL,'9','2023-06-13 11:14:22','2023-06-13 08:44:05',NULL,NULL,5,NULL,NULL),(1062,'54','','4',54,'J6FA1','环卫','2023-06-19 09:00:00','2023-06-19 12:00:00','地图定位','定位验证',NULL,'1','2023-06-19 00:37:03','2023-06-13 09:35:53','8','21',1,'',NULL),(1063,'54','','4',54,'J6FA1','环卫','2023-06-19 13:00:00','2023-06-19 18:00:00','公司楼下','定位验证',NULL,'1','2023-06-19 00:37:23','2023-06-13 09:36:25','8','21',1,'',NULL),(1064,'82','','10',37,'J7A02','L4','2023-06-13 09:00:00','2023-06-16 18:00:00','水景路','采集数据','城区','1','2023-06-13 09:40:01','2023-06-13 09:39:45',NULL,NULL,5,NULL,NULL),(1065,'82','','10',37,'J7A02','L4','2023-06-14 09:00:00','2023-06-16 18:00:00','水景路','采集数据','城区','1','2023-06-14 00:31:09','2023-06-13 09:40:40','8','26',1,'',NULL),(1066,'89','','13',58,'J6VA9','L3+','2023-06-14 09:00:00','2023-06-14 12:00:00','厂房','激光数据采集',NULL,'1','2023-06-14 00:34:23','2023-06-13 10:09:14','8','27',1,'',NULL),(1067,'89','','13',44,'J7A6','L3+','2023-06-14 09:00:00','2023-06-14 12:00:00','厂房','激光数据采集',NULL,'1','2023-06-14 01:42:29','2023-06-13 10:10:28','8','27',1,'',NULL),(1068,'43','','7',63,'J6VB5','L2','2023-06-14 08:30:00','2023-06-14 18:00:00','水景路','软件测试',NULL,'9','2023-06-13 23:39:03','2023-06-13 11:31:57','8','30',1,'',NULL),(1069,'54','','4',58,'J6VA9','L3+','2023-06-14 13:00:00','2023-06-14 18:00:00','水景路','定位验证',NULL,'1','2023-06-14 01:40:00','2023-06-14 01:25:08','8','27',1,'',NULL),(1070,'47','','3',52,'J6LB1','洒水车','2023-06-14 09:00:00','2023-06-14 12:00:00','仓库','L4 lidar驱动验证',NULL,'1','2023-06-14 01:41:20','2023-06-14 01:35:02','8','27',1,'',NULL),(1071,'138','','5',52,'J6LB1','洒水车','2023-06-14 13:00:00','2023-06-14 18:00:00','公司楼下','硬件验收',NULL,'1','2023-06-14 02:33:44','2023-06-14 01:59:18','8','27',1,'',NULL),(1072,'130','','7',54,'J6FA1','环卫','2023-06-20 09:00:00','2023-06-21 18:00:00','公司楼下','控制调试',NULL,'1','2023-06-20 00:37:07','2023-06-14 05:23:24','8','21',1,'',NULL),(1073,'34','','6',54,'J6FA1','环卫','2023-06-25 09:20:00','2023-06-25 20:00:00','挚途大厦','环卫车调试',NULL,'1','2023-06-25 00:50:03','2023-06-14 05:27:42','8','21',1,'',NULL),(1074,'166','','13',58,'J6VA9','L3+','2023-06-15 09:30:00','2023-06-15 18:00:00','车厂','IDPS测试',NULL,'1','2023-06-15 00:12:39','2023-06-14 09:49:34','8','12',1,'',NULL),(1075,'1','','12',67,'J6VB4','L3+','2023-06-15 13:00:00','2023-06-15 18:00:00','水景路','公司拍摄宣传视频',NULL,'2','2023-06-15 00:13:18','2023-06-14 11:44:43','8','13',1,'',NULL),(1076,'89','','13',39,'J7A04','L4','2023-06-15 09:00:00','2023-06-15 12:00:00','厂房','相机视频采集',NULL,'1','2023-06-15 01:00:10','2023-06-15 00:58:03','8','30',1,'',NULL),(1077,'89','','13',39,'J7A04','L4','2023-06-15 13:00:00','2023-06-15 18:00:00','厂房','相机数据采集',NULL,'1','2023-06-15 03:36:08','2023-06-15 02:29:07','8','20',1,'',NULL),(1078,'88','','8',38,'J7A03','L4','2023-06-16 13:00:00','2023-06-16 18:00:00','水景路','激光测试',NULL,'1','2023-06-16 00:27:06','2023-06-15 03:12:33','8','22',1,'',NULL),(1079,'54','','4',56,'hs5','红旗','2023-06-14 13:00:00','2023-06-14 18:00:00','公司楼下 ','定位调试',NULL,'1','2023-06-15 10:41:24','2023-06-15 03:32:58',NULL,NULL,5,NULL,NULL),(1080,'72','','9',36,'J7A01','L4','2023-06-16 09:00:00','2023-06-16 18:00:00','水景路','数据采集',NULL,'1','2023-06-16 00:25:41','2023-06-15 06:03:08','8','26',1,'',NULL),(1081,'80','','6',66,'J6VB3','L3+','2023-06-16 14:00:00','2023-06-16 18:00:00','水景路','测试',NULL,'1','2023-06-16 00:57:13','2023-06-15 07:39:58','8','31',1,'',NULL),(1082,'80','','6',66,'J6VB3','L3+','2023-06-20 14:00:00','2023-06-20 18:00:00','水景路','测试',NULL,'1','2023-06-19 02:02:25','2023-06-15 07:40:43',NULL,NULL,5,NULL,NULL),(1083,'150','','7',61,'J6VB3','L2','2023-06-16 13:00:00','2023-06-16 18:00:00','水景路','测试',NULL,'9','2023-06-16 00:56:43','2023-06-16 00:52:58','8','30',1,'',NULL),(1084,'48','','7',38,'J7A03','L4','2023-06-19 13:00:00','2023-06-19 18:00:00','水景路','调试',NULL,'1','2023-06-19 00:39:02','2023-06-16 01:05:26','8','22',1,'',NULL),(1085,'48','','7',38,'J7A03','L4','2023-06-20 13:00:00','2023-06-20 18:00:00','水景路','调试',NULL,'1','2023-06-20 00:39:22','2023-06-16 01:05:54','8','22',1,'',NULL),(1086,'54','','4',56,'hs5','红旗','2023-06-16 09:00:00','2023-06-16 18:00:00','公司楼下','定位调试',NULL,'1','2023-06-16 01:27:28','2023-06-16 01:14:41','8','24',1,'',NULL),(1087,'138','','5',52,'J6LB1','洒水车','2023-06-16 13:00:00','2023-06-16 18:00:00','公司','调试',NULL,'1','2023-06-16 02:28:22','2023-06-16 01:57:57','8','23',1,'',NULL),(1088,'133','请广学协助，于周日完成洗车及整备工作。','12',64,'J6VB1','L3+','2023-06-19 13:00:00','2023-06-19 18:00:00','水景路','挚途对外宣传拍摄用车',NULL,'2','2023-06-19 01:57:14','2023-06-16 07:40:25','8','30',5,'',NULL),(1089,'133','请广学协助，于周日完成洗车及外观整备工作','12',60,'J6VB2','L2','2023-06-19 13:00:00','2023-06-19 18:00:00','水景路','挚途对外宣传视频拍摄',NULL,'2','2023-06-16 07:43:17','2023-06-16 07:41:37',NULL,NULL,5,NULL,NULL),(1090,'133','请广学协助，于周日完成洗车及外观整备工作','12',67,'J6VB4','L3+','2023-06-19 13:00:00','2023-06-19 18:00:00','水景路','挚途对外宣传视频拍摄',NULL,'2','2023-06-19 01:57:09','2023-06-16 07:42:35','8','16',5,'',NULL),(1091,'133','请广学协助，于周日完成洗车及整备','12',65,'J6VB2','L3+','2023-06-19 13:00:00','2023-06-19 18:00:00','水景路','挚途对外宣传拍摄用车',NULL,'2','2023-06-19 01:57:07','2023-06-16 07:44:11','8','12',5,'',NULL),(1092,'139','','10',38,'J7A03','L4','2023-06-19 09:00:00','2023-06-19 12:00:00','厂房','标定',NULL,'1','2023-06-19 00:36:28','2023-06-16 07:55:24','8','22',1,'',NULL),(1093,'34','','6',54,'J6FA1','环卫','2023-06-17 09:00:00','2023-06-17 12:00:00','公司楼下','规控测试',NULL,'1','2023-06-16 10:15:10','2023-06-16 10:14:58',NULL,NULL,5,NULL,NULL),(1094,'34','','6',54,'J6FA1','环卫','2023-06-17 09:30:00','2023-06-17 18:00:00','公司楼下','测试',NULL,'1','2023-06-16 10:42:54','2023-06-16 10:16:09','8','19',1,'',NULL),(1095,'72','','9',36,'J7A01','L4','2023-06-18 09:00:00','2023-06-18 18:00:00','水景路','数据采集',NULL,'1','2023-06-16 13:52:48','2023-06-16 13:51:46',NULL,NULL,5,NULL,NULL),(1096,'72','','9',36,'J7A01','L4','2023-06-19 09:00:00','2023-06-19 18:00:00','水景路','数据采集',NULL,'1','2023-06-19 00:36:42','2023-06-16 13:53:33','8','11',1,'',NULL),(1097,'88','','8',38,'J7A03','L4','2023-06-20 09:00:00','2023-06-20 12:00:00','水景路','激光测试',NULL,'1','2023-06-20 00:37:44','2023-06-19 01:28:02','8','22',1,'',NULL),(1098,'1','','13',67,'J6VB4','L3+','2023-06-20 09:00:00','2023-06-21 18:00:00','厂房','诊断/刷写测试',NULL,'1','2023-06-20 00:38:11','2023-06-19 01:39:16','8','16',1,'',NULL),(1099,'82','','10',37,'J7A02','L4','2023-06-19 13:00:00','2023-06-21 18:00:00','水景路','采集数据','城区','1','2023-06-19 03:53:06','2023-06-19 03:39:12','8','9',1,'',NULL),(1100,'82','','10',37,'J7A02','L4','2023-06-25 09:00:00','2023-06-25 18:00:00','水景路','采集数据',NULL,'1','2023-06-25 00:47:59','2023-06-19 03:40:15','8','9',1,'',NULL),(1101,'42','','7',65,'J6VB2','L3+','2023-06-19 13:00:00','2023-06-19 18:00:00','水景路','数据采集',NULL,'1','2023-06-19 06:05:23','2023-06-19 06:03:20','8','12',1,'',NULL),(1102,'105','','11',36,'J7A01','L4','2023-06-20 09:30:00','2023-06-20 18:00:00','水景色路','挂车夹角数据采集',NULL,'2','2023-06-20 00:38:35','2023-06-19 07:51:36','8','11',1,'',NULL),(1103,'140','','10',38,'J7A03','L4','2023-06-21 09:00:00','2023-06-21 12:00:00','水景路','测试路杆分割模块',NULL,'1','2023-06-21 00:37:07','2023-06-19 08:43:56','8','22',1,'',NULL),(1104,'78','','9',36,'J7A01','L4','2023-06-21 09:00:00','2023-06-21 12:00:00','水景路','视觉采集',NULL,'1','2023-06-21 00:38:12','2023-06-19 09:04:50','8','11',1,'',NULL),(1105,'89','','13',65,'J6VB2','L3+','2023-06-20 09:00:00','2023-06-20 12:00:00','厂房','H2PU接线',NULL,'1','2023-06-20 02:34:02','2023-06-19 14:33:35','8','12',1,'',NULL),(1106,'153','','7',52,'J6LB1','洒水车','2023-06-20 09:30:00','2023-06-20 18:00:00','公司楼下','线控测试',NULL,'1','2023-06-20 02:28:16','2023-06-20 00:57:55','8','19',1,'',NULL),(1107,'150','','7',61,'J6VB3','L2','2023-06-20 13:00:00','2023-06-20 18:00:00','水景路','测试',NULL,'9','2023-06-20 02:30:06','2023-06-20 01:22:25','8','26',1,'',NULL),(1108,'138','','5',53,'J6LB2','洗扫车','2023-06-20 13:00:00','2023-06-20 18:00:00','公司','调试',NULL,'1','2023-06-20 02:38:21','2023-06-20 02:34:28',NULL,NULL,5,NULL,NULL),(1109,'54','','4',56,'hs5','红旗','2023-06-20 13:00:00','2023-06-20 18:00:00','公司楼下','定位调试',NULL,'1','2023-06-20 04:29:32','2023-06-20 02:49:27','8','24',1,'',NULL),(1110,'178','','1',66,'J6VB3','L3+','2023-06-21 10:00:00','2023-06-21 16:00:00','水景路','xway集成调试',NULL,'1','2023-06-21 00:38:35','2023-06-20 07:26:13','8','31',1,'',NULL),(1111,'43','','7',61,'J6VB3','L2','2023-06-21 09:00:00','2023-06-21 18:00:00','水景路','软件测试',NULL,'8','2023-06-21 00:36:49','2023-06-20 09:39:36','8','26',1,'',NULL),(1112,'128','','5',52,'J6LB1','洒水车','2023-06-21 09:00:00','2023-06-21 12:00:00','公司楼下','驱动调试及标定',NULL,'1','2023-06-21 00:37:51','2023-06-21 00:23:22','8','19',1,'',NULL),(1113,'128','','5',52,'J6LB1','洒水车','2023-06-21 13:00:00','2023-06-21 18:00:00','公司楼下','标定',NULL,'1','2023-06-21 00:54:26','2023-06-21 00:46:49','8','19',1,'',NULL),(1114,'42','带20吨挂','7',65,'J6VB2','L3+','2023-06-21 13:00:00','2023-06-21 18:00:00','水景路','高速测试','太湖隧道','6','2023-06-21 01:42:36','2023-06-21 01:37:07','8','30',1,'',NULL),(1115,'54','','4',56,'hs5','红旗','2023-06-21 13:00:00','2023-06-21 18:00:00','公司楼下','定位验证',NULL,'1','2023-06-21 03:13:45','2023-06-21 02:50:42','8','24',1,'',NULL),(1116,'104','','10',38,'J7A03','L4','2023-06-21 13:00:00','2023-06-21 18:00:00','水景路','数据采集',NULL,'1','2023-06-21 03:15:22','2023-06-21 03:03:37','8','22',1,'',NULL),(1117,'45','','7',54,'J6FA1','环卫','2023-06-26 09:00:00','2023-06-26 18:00:00','公司楼下','测试控制',NULL,'1','2023-06-26 01:19:29','2023-06-21 09:10:36','8','21',1,'',NULL),(1118,'45','','7',54,'J6FA1','环卫','2023-06-27 09:00:00','2023-06-27 18:00:00','公司楼下','测试控制表现',NULL,'1','2023-06-27 00:12:57','2023-06-21 09:11:09','8','21',1,'',NULL),(1119,'45','','7',54,'J6FA1','环卫','2023-06-28 09:00:00','2023-06-28 18:00:00','公司楼下','测试控制表现',NULL,'1','2023-06-28 00:29:21','2023-06-21 09:12:22','8','21',1,'',NULL),(1120,'45','','7',54,'J6FA1','环卫','2023-06-29 09:00:00','2023-06-29 18:00:00','公司楼下','测试控制',NULL,'1','2023-06-21 09:18:40','2023-06-21 09:18:40',NULL,NULL,0,NULL,NULL),(1121,'48','','7',38,'J7A03','L4','2023-06-25 13:00:00','2023-06-25 18:00:00','水景路','调试',NULL,'1','2023-06-25 01:52:25','2023-06-25 01:05:21','8','22',1,'',NULL),(1122,'48','','7',38,'J7A03','L4','2023-06-26 13:00:00','2023-06-26 18:00:00','水景路','调试',NULL,'1','2023-06-26 01:07:08','2023-06-25 01:05:47','8','27',1,'',NULL),(1123,'138','','5',52,'J6LB1','洒水车','2023-06-25 09:00:00','2023-06-25 18:00:00','公司楼下','驱动调试',NULL,'1','2023-06-25 01:50:51','2023-06-25 01:22:42','8','19',1,'',NULL),(1124,'135','','3',63,'J6VB5','L2','2023-06-25 09:39:00','2023-06-25 11:30:00','库房-周边路测','测试数据上传',NULL,'1','2023-06-25 01:53:44','2023-06-25 01:39:53','8','10',1,'',NULL),(1125,'120','L3 路测，一台大车，一台保障车，带重挂','12',64,'J6VB1','L3+','2023-06-27 09:00:00','2023-07-02 18:00:00','厂房','前往东莞路测','苏州-东莞往返','8','2023-06-27 00:16:06','2023-06-25 01:50:52','8','30',1,'',NULL),(1126,'88','','8',38,'J7A03','L4','2023-06-26 09:00:00','2023-06-26 12:00:00','水景路','激光标定效果验证',NULL,'1','2023-06-26 01:05:34','2023-06-25 08:07:05','8','27',1,'',NULL),(1127,'142','','10',42,'J7A4','L3+','2023-06-26 09:00:00','2023-06-26 12:00:00','水景路','测试',NULL,'1','2023-06-26 13:24:08','2023-06-25 10:09:10','8','13',5,'',NULL),(1128,'142','','10',42,'J7A4','L3+','2023-06-27 09:00:00','2023-06-27 12:00:00','水景路','测试',NULL,'1','2023-06-26 13:24:02','2023-06-25 10:10:15',NULL,NULL,5,NULL,NULL),(1129,'142','','10',42,'J7A4','L3+','2023-06-27 13:00:00','2023-06-27 18:00:00','水景路','测试',NULL,'1','2023-06-26 13:23:55','2023-06-25 10:10:43',NULL,NULL,5,NULL,NULL),(1130,'142','','10',42,'J7A4','L3+','2023-06-26 13:00:00','2023-06-26 18:00:00','水景路','测试',NULL,'1','2023-06-26 13:23:39','2023-06-25 10:11:03','8','13',5,'',NULL),(1131,'82','','10',54,'J6FA1','环卫','2023-06-30 15:00:00','2023-06-30 18:00:00','公司楼下','采集数据','环卫demo路线','1','2023-06-26 01:11:12','2023-06-26 01:11:12',NULL,NULL,0,NULL,NULL),(1132,'42','','7',65,'J6VB2','L3+','2023-06-26 13:00:00','2023-06-26 18:00:00','水景路','控制测试','苏州绕城','8','2023-06-26 01:22:11','2023-06-26 01:16:28','8','12',1,'',NULL),(1133,'54','','4',52,'J6LB1','洒水车','2023-06-27 09:00:00','2023-06-27 18:00:00','公司楼下','定位验证',NULL,'1','2023-06-27 00:15:38','2023-06-26 01:39:20','8','19',1,'',NULL),(1134,'54','','4',52,'J6LB1','洒水车','2023-06-26 13:00:00','2023-06-26 18:00:00','公司楼下 ','定位验证',NULL,'1','2023-06-26 03:00:29','2023-06-26 01:40:41','8','19',1,'',NULL),(1135,'142','','10',66,'J6VB3','L3+','2023-06-26 13:00:00','2023-06-26 18:00:00','水景路','测试',NULL,'1','2023-06-26 02:14:18','2023-06-26 02:05:33','8','25',1,'',NULL),(1136,'144','','11',37,'J7A02','L4','2023-06-26 13:00:00','2023-06-26 18:00:00','水景路','车道线测试',NULL,'1','2023-06-26 02:30:29','2023-06-26 02:13:01','8','14',1,'',NULL),(1137,'82','','10',37,'J7A02','L4','2023-06-27 09:00:00','2023-06-30 18:00:00','水景路','采集数据','城区','1','2023-06-27 00:13:26','2023-06-26 02:25:52','8','14',1,'',NULL),(1138,'82','','10',37,'J7A02','L4','2023-06-26 09:00:00','2023-06-26 12:00:00','水景路','采集数据','城区','1','2023-06-26 02:30:11','2023-06-26 02:27:30','8','14',1,'',NULL),(1139,'63','','7',67,'J6VB4','L3+','2023-06-26 13:30:00','2023-06-26 18:00:00','水景路','横向测试',NULL,'1','2023-06-26 03:06:54','2023-06-26 02:47:05','8','30',1,'',NULL),(1140,'1','','12',54,'J6FA1','环卫','2023-06-30 09:00:00','2023-06-30 13:00:00','公司楼下','体验',NULL,'1','2023-06-26 03:40:20','2023-06-26 03:39:47',NULL,NULL,5,NULL,NULL),(1141,'1','','12',54,'J6FA1','环卫','2023-06-30 09:00:00','2023-06-30 15:00:00','公司楼下','试乘',NULL,'1','2023-06-26 03:40:50','2023-06-26 03:40:50',NULL,NULL,0,NULL,NULL),(1142,'119','','6',38,'J7A03','L4','2023-06-28 09:00:00','2023-06-28 19:00:00','苏州','l4城区闭环测试',NULL,'1','2023-06-28 02:28:21','2023-06-26 05:18:59','8','27',1,'',NULL),(1143,'80','','6',66,'J6VB3','L3+','2023-06-27 09:00:00','2023-06-27 12:00:00','水景路','测试',NULL,'1','2023-06-26 05:54:16','2023-06-26 05:53:45',NULL,NULL,5,NULL,NULL),(1144,'80','','6',66,'J6VB3','L3+','2023-06-27 09:00:00','2023-06-27 18:00:00','水景路','测试',NULL,'1','2023-06-27 00:14:22','2023-06-26 05:54:45','8','25',1,'',NULL),(1145,'54','','4',38,'J7A03','L4','2023-06-27 09:00:00','2023-06-27 12:00:00','水景路','定位验证',NULL,'1','2023-06-27 00:13:52','2023-06-26 07:04:03','8','27',1,'',NULL),(1146,'42','','7',65,'J6VB2','L3+','2023-06-27 09:00:00','2023-06-30 18:00:00','水景路','控制测试',NULL,'8','2023-06-27 00:15:17','2023-06-26 07:19:40','8','12',1,'',NULL),(1147,'138','','5',67,'J6VB4','L3+','2023-06-27 09:00:00','2023-06-28 18:00:00','水景路','测试',NULL,'1','2023-06-27 00:14:48','2023-06-26 08:37:43','8','23',1,'',NULL),(1148,'139','','10',38,'J7A03','L4','2023-06-27 13:00:00','2023-06-27 18:00:00','水景路','测试',NULL,'1','2023-06-27 02:28:25','2023-06-26 08:52:31','8','27',1,'',NULL),(1149,'178','','1',66,'J6VB3','L3+','2023-06-28 09:00:00','2023-06-28 18:00:00','水景路','xway集成调试',NULL,'2','2023-06-28 00:28:54','2023-06-26 09:38:27','8','16',1,'',NULL),(1150,'139','','10',52,'J6LB1','洒水车','2023-06-28 09:00:00','2023-06-28 12:00:00','公司楼下','验证激光是否满足标定',NULL,'1','2023-06-28 00:30:01','2023-06-26 10:35:14','8','31',1,'',NULL),(1151,'142','','10',59,'J7A7','L3+','2023-06-27 09:00:00','2023-06-27 12:00:00','水景路','测试',NULL,'1','2023-06-27 10:39:32','2023-06-26 13:22:22',NULL,NULL,5,NULL,NULL),(1152,'142','','10',59,'J7A7','L3+','2023-06-27 13:00:00','2023-06-27 18:00:00','水景路','测试',NULL,'1','2023-06-27 00:16:28','2023-06-26 13:22:48','8','11',1,'',NULL),(1153,'43','','7',61,'J6VB3','L2','2023-06-27 13:00:00','2023-06-27 18:00:00','水景路','软件测试',NULL,'9','2023-06-27 06:57:55','2023-06-27 01:17:59','8','26',1,'',NULL),(1154,'139','','10',36,'J7A01','L4','2023-06-27 13:00:00','2023-06-27 18:00:00','厂房','标定',NULL,'1','2023-06-27 02:41:36','2023-06-27 02:01:04','8','30',1,'',NULL),(1155,'54','','4',56,'hs5','红旗','2023-06-27 09:00:00','2023-06-27 18:00:00','公司楼下','定位验证',NULL,'1','2023-06-27 03:33:24','2023-06-27 03:24:29','8','24',1,'',NULL),(1156,'54','','4',52,'J6LB1','洒水车','2023-06-28 13:00:00','2023-06-28 18:00:00','公司楼下 ','定位数据采集',NULL,'1','2023-06-28 00:30:15','2023-06-27 05:22:29','8','31',1,'',NULL),(1157,'89','','13',39,'J7A04','L4','2023-06-27 13:00:00','2023-06-27 18:00:00','水景路','相机数据采集',NULL,'1','2023-06-27 06:58:13','2023-06-27 06:16:17','8','10',1,'',NULL),(1158,'104','','10',38,'J7A03','L4','2023-06-29 09:00:00','2023-06-30 18:00:00','水景路','红绿灯测试','L4demo路线','1','2023-06-27 09:45:32','2023-06-27 08:06:33',NULL,NULL,5,NULL,NULL),(1159,'43','','7',61,'J6VB3','L2','2023-06-28 09:00:00','2023-06-29 18:00:00','水景路','大盘山测试',NULL,'9','2023-06-28 00:29:36','2023-06-27 09:09:33','8','13',1,'',NULL),(1160,'104','','10',38,'J7A03','L4','2023-06-29 09:00:00','2023-06-29 18:00:00','水景路','红绿灯测试',NULL,'1','2023-06-27 09:46:27','2023-06-27 09:46:27',NULL,NULL,0,NULL,NULL),(1161,'80','','6',66,'J6VB3','L3+','2023-06-29 14:00:00','2023-06-29 18:00:00','水景路','测试',NULL,'1','2023-06-27 10:35:37','2023-06-27 10:35:37',NULL,NULL,0,NULL,NULL),(1162,'54','','4',38,'J7A03','L4','2023-06-30 09:00:00','2023-06-30 12:00:00','定位','定位验证',NULL,'1','2023-06-27 10:48:08','2023-06-27 10:48:08',NULL,NULL,0,NULL,NULL),(1163,'175','','9',36,'J7A01','L4','2023-06-29 09:00:00','2023-06-29 18:00:00','水景路','视觉采集',NULL,'1','2023-06-28 02:25:41','2023-06-28 02:25:41',NULL,NULL,0,NULL,NULL),(1164,'178','','1',58,'J6VA9','L3+','2023-06-28 13:00:00','2023-06-28 18:00:00','水景路','测试xway性能','车辆静止','1','2023-06-28 03:34:13','2023-06-28 03:26:01','8','25',1,'',NULL),(1165,'89','','13',39,'J7A04','L4','2023-06-28 13:00:00','2023-06-28 18:00:00','公司楼下','相机数据采集',NULL,'1','2023-06-28 06:01:44','2023-06-28 06:00:13','8','14',1,'',NULL);
/*!40000 ALTER TABLE `order` ENABLE KEYS */;
UNLOCK TABLES;

--
-- Table structure for table `order_state`
--

DROP TABLE IF EXISTS `order_state`;
/*!40101 SET @saved_cs_client     = @@character_set_client */;
/*!50503 SET character_set_client = utf8mb4 */;
CREATE TABLE `order_state` (
  `id` int NOT NULL AUTO_INCREMENT,
  `state` int NOT NULL,
  `name` varchar(100) DEFAULT NULL,
  `desc` varchar(100) DEFAULT NULL,
  PRIMARY KEY (`id`)
) ENGINE=InnoDB AUTO_INCREMENT=7 DEFAULT CHARSET=utf8mb4 COLLATE=utf8mb4_0900_ai_ci COMMENT='订单状态';
/*!40101 SET character_set_client = @saved_cs_client */;

--
-- Dumping data for table `order_state`
--

LOCK TABLES `order_state` WRITE;
/*!40000 ALTER TABLE `order_state` DISABLE KEYS */;
INSERT INTO `order_state` VALUES (1,0,'未处理',NULL),(2,1,'已通过',NULL),(3,2,'已驳回',NULL),(4,3,'进行中',NULL),(5,4,'已结束',NULL),(6,5,'已取消',NULL);
/*!40000 ALTER TABLE `order_state` ENABLE KEYS */;
UNLOCK TABLES;

--
-- Table structure for table `project`
--

DROP TABLE IF EXISTS `project`;
/*!40101 SET @saved_cs_client     = @@character_set_client */;
/*!50503 SET character_set_client = utf8mb4 */;
CREATE TABLE `project` (
  `id` int NOT NULL AUTO_INCREMENT,
  `name` varchar(100) DEFAULT NULL,
  `desc` varchar(100) DEFAULT NULL,
  PRIMARY KEY (`id`)
) ENGINE=InnoDB AUTO_INCREMENT=9 DEFAULT CHARSET=utf8mb4 COLLATE=utf8mb4_0900_ai_ci COMMENT='所属项目';
/*!40101 SET character_set_client = @saved_cs_client */;

--
-- Dumping data for table `project`
--

LOCK TABLES `project` WRITE;
/*!40000 ALTER TABLE `project` DISABLE KEYS */;
INSERT INTO `project` VALUES (1,'L4（demo）',NULL),(2,'L4',NULL),(3,'L3+',NULL),(4,'洒水车',NULL),(5,'洗扫车',NULL),(6,'环卫',NULL),(7,'红旗',NULL),(8,'L2',NULL);
/*!40000 ALTER TABLE `project` ENABLE KEYS */;
UNLOCK TABLES;

--
-- Table structure for table `statistics`
--

DROP TABLE IF EXISTS `statistics`;
/*!40101 SET @saved_cs_client     = @@character_set_client */;
/*!50503 SET character_set_client = utf8mb4 */;
CREATE TABLE `statistics` (
  `id` int NOT NULL AUTO_INCREMENT,
  `vehicleNo` varchar(100) NOT NULL COMMENT '车辆编号',
  `autoMileage` float NOT NULL COMMENT '自动驾驶里程',
  `totalMileage` float NOT NULL COMMENT '总里程',
  `takeover` float NOT NULL COMMENT '接管次数',
  `fuelConsumption` float NOT NULL COMMENT '油耗',
  `date` date NOT NULL COMMENT '日期',
  PRIMARY KEY (`id`)
) ENGINE=InnoDB DEFAULT CHARSET=utf8mb4 COLLATE=utf8mb4_0900_ai_ci;
/*!40101 SET character_set_client = @saved_cs_client */;

--
-- Dumping data for table `statistics`
--

LOCK TABLES `statistics` WRITE;
/*!40000 ALTER TABLE `statistics` DISABLE KEYS */;
/*!40000 ALTER TABLE `statistics` ENABLE KEYS */;
UNLOCK TABLES;

--
-- Table structure for table `user`
--

DROP TABLE IF EXISTS `user`;
/*!40101 SET @saved_cs_client     = @@character_set_client */;
/*!50503 SET character_set_client = utf8mb4 */;
CREATE TABLE `user` (
  `id` int NOT NULL AUTO_INCREMENT,
  `name` varchar(100) NOT NULL COMMENT '名字，昵称',
  `username` varchar(100) NOT NULL COMMENT '用户名，登录使用',
  `password` varchar(100) NOT NULL COMMENT '密码',
  `telephone` varchar(100) NOT NULL COMMENT '电话号码',
  `role` int NOT NULL COMMENT '1: 管理员, 2:司机,3:普通用户',
  `token` varchar(100) DEFAULT NULL COMMENT 'token',
  `desc` varchar(100) DEFAULT NULL COMMENT '描述',
  PRIMARY KEY (`id`)
) ENGINE=InnoDB AUTO_INCREMENT=180 DEFAULT CHARSET=utf8mb4 COLLATE=utf8mb4_0900_ai_ci;
/*!40101 SET character_set_client = @saved_cs_client */;

--
-- Dumping data for table `user`
--

LOCK TABLES `user` WRITE;
/*!40000 ALTER TABLE `user` DISABLE KEYS */;
INSERT INTO `user` VALUES (1,'管理员','admin','123456','1',1,'2023062915030736648462681',NULL),(8,'运营','ZDYY001','920912','18001554855',1,'2023062800192973631453831',NULL),(9,'张永安','张永安','161616','15366208496',2,'2023021401412203561877637',NULL),(10,'王大学','王大学','123456','13770175934',2,'2023021707363149759822217',NULL),(11,'尹者东','尹者东','123456','15262658679',2,NULL,NULL),(12,'宋庆伟','宋庆伟','123456','13279371589',2,'2022111407255607686999395',NULL),(13,'张文强','张文强','123456','18351109227',2,'2023062800491409278279957',NULL),(14,'高振连','高振连','123456','15866918688',2,NULL,NULL),(15,'管仕虎','管仕虎','123456','13955030746',2,NULL,NULL),(16,'路兵','路兵','12345678','13731768770',2,'2023030700531889367812565',NULL),(17,'管理员-测试','testAdmin','123456','1',1,'2023061609565977247224358',NULL),(18,'司机-测试','testDriver','123456','13161507755',2,'2023021405373477017975262',NULL),(19,'环卫测试','马力超','123456','15862518066',2,NULL,NULL),(20,'刘培东','刘培东','123456','18761950098',2,NULL,NULL),(21,'缪凤祥','缪凤祥','123456','13063878797',2,NULL,NULL),(22,'孟凡亮','孟凡亮','123456','13280568986',2,NULL,NULL),(23,'张东','张东','123456','13706203644',2,'2023021311311340636615638',NULL),(24,'姚广','姚广','123456','13021967289',2,NULL,NULL),(25,'张文献','张文献','123456','15212954590',2,'2023021323431702948189776',NULL),(26,'陈明刚','陈明刚','123456','13655561098',2,'2023021710472419870538641',NULL),(27,'吴涛','吴涛','123456','13862596817',2,NULL,NULL),(29,'普通用户-测试','testUser','123456','13161507755',3,'2023041001063008212097662',NULL),(30,'田茂龙','田茂龙','123456','15721591262',2,'2022111409371644200324957',NULL),(31,'王学强','王学强','123456','15051416297',2,'2023021609025931198053527',NULL),(32,'查醒','查醒','123456','18362742679',3,'2023031601481851717017987',NULL),(33,'李舒','李舒','123456','18151108303',3,'2023053007280373464425846',NULL),(34,'徐修信','徐修信','123456','18015210005',3,'2023061610141530482384788',NULL),(35,'任斐','任斐','123456','13021607053',3,'2022112809033672805422546',NULL),(36,'陈邓辉','chendenghui','123','18068194606',3,'2023052501250297622899939',NULL),(40,'任斐','renfei','123456','13021607053',3,'2023021302533784737661564',NULL),(41,'张东','张东，','123456','13706203644',3,'2023021303061255956256378',NULL),(42,'李志强','李志强','abcd123$','15754603808',3,'2023062709270459822427789',NULL),(43,'高超','高超','ABCD12345%','18358428987',3,'2023062701172280996035128',NULL),(44,'王星','王星','dlut5210','18584361612',3,'2023021303073651991196267',NULL),(45,'刘凯涛','刘凯涛','1129014775','13912723603',3,'2023062109094154652097524',NULL),(46,'缪凤祥','攀途','940711m','13063878797',3,'2023021303092260201983556',NULL),(47,'邹旋','zouxuan','mamababa123','15161127369',3,'2023031501252395609844382',NULL),(48,'陈从根','陈从根','Passw0rd$','18640386986',3,'2023062501043152687398622',NULL),(49,'田茂龙','挚途','168168','15721591262',3,'2023062700171345675542733',NULL),(50,'潘常远','panchangyuan','panp50914043','18550415795',3,'2023062802595066632925752',NULL),(51,'于明','系统开发部','19900412','15231272369',3,'2023021303095546016311465',NULL),(52,'朱觉文','zhujuewen','ZJAnwen29','15057423351',3,'2023032802173086847012112',NULL),(53,'孙志金','孙志金','c85490962','13916434485',3,'2023021303104494172366992',NULL),(54,'袁翔','yuanxiang','qwer123$','18861526745',3,'2023062801435651880877675',NULL),(55,'李星星','lixingxing','lxxdias,11','15029675291',3,'2023040401064080730658559',NULL),(56,'洪思程','hongsicheng','iop123hong','15507314461',3,'2023061901212931590077272',NULL),(57,'付春雨','付春雨','FU_chunyu123','15840634163',3,'2023060707091260002323773',NULL),(58,'潘连才','panliancai','Phz3471730','15301569392',3,'2023021303155710156427187',NULL),(59,'王学强','挚途ZH丨TD','197218m','15051416297',3,'2023021303163970480743315',NULL),(60,'程哲','chengzhe','abcd123%','13940229115',3,'2023060100115341843034824',NULL),(61,'尹者东','AI部自约','123456','15262658679',3,'2023021305092716055198995',NULL),(62,'陈磊','陈磊','123','18112623549',3,'2023041010164608794162655',NULL),(63,'李印祥','李印祥','910622','18666289001',3,'2023062800533704207249372',NULL),(64,'张旭','Jackie','901127','16675552282',3,'2023051808491406835713868',NULL),(65,'徐汇军','xuhuijun','xhj13882716243','17751439684',3,'2023042806545880162119437',NULL),(66,'吴宏升','wuhongsheng007','whs1992926','15971187110',3,'2023021309053177831876375',NULL),(67,'程涵','程涵','123456','15827158960',3,'2023021309053907038472597',NULL),(68,'刘鹏坤','LeoLiu','jk920227jk','16621152168',3,'2023032901241278832662397',NULL),(69,'常海玥','changhaiyue','abcd1234','15364814176',3,'2023021309060271353494495',NULL),(70,'魏巍','魏巍','ww520702','15844837666',3,'2023021309060534016719617',NULL),(71,'王伟杰','王伟杰','WwjWwj1006','15538303008',3,'2023021309060713563723232',NULL),(72,'赵彩绢','赵彩绢','418zcj','15189788723',3,'2023062101375824841218427',NULL),(73,'黄毅','黄小宝','370203','13718743369',3,'2023021309065548079652926',NULL),(74,'侯长军','Arvin','Li123456','18362900012',3,'2023031001205267135562962',NULL),(75,'王雪芹','王雪芹','abcd123$','18844118255',3,'2023051609260279998422662',NULL),(76,'闫涛','yantao','yt780928','15844075110',3,'2023021309075540730118591',NULL),(77,'关迪','关迪','188147gd','13349593819',3,'2023021407105656148155563',NULL),(78,'马苏苏','马苏苏','abcd123$','15262357800',3,'2023061909013886742569386',NULL),(79,'王大学','AI部自研约车','123456','13770175934',3,'2023021309084661563037271',NULL),(80,'莫斯尧','mosiyao','123$abcd','18684837257',3,'2023062710343678651013698',NULL),(81,'季佳慧','季佳慧','jjhgyh38','17802591381',3,'2023041801530506694284223',NULL),(82,'李同庆','李同庆','lll1230.','17537885523',3,'2023062609504632616424417',NULL),(83,'唐天龙','唐天龙','wdlg123..','18713587706',3,'2023040401145057255955421',NULL),(84,'裴跃飞','peiyuefei','a41060405','17643147080',3,'2023021309141476303265154',NULL),(85,'宋庆伟','L3B2','sqw821122','13279371589',3,'2023052600234140092727346',NULL),(86,'张文献','A1部自研约车平台','123456','15212954590',3,'2023021309170697529354924',NULL),(87,'刘堂俊','szzt0030','Ltj202301','15821352510',3,'2023061302213465849583735',NULL),(88,'雷书权','雷书权','ABCD123$','13922409840',3,'2023062502384797110295493',NULL),(89,'朱庆华','朱庆华','123','18362982396',3,'2023062805593501262866756',NULL),(90,'孟凡亮','AI自研约车','123456','13280568986',3,'2023062700085778172623482',NULL),(91,'唐舒放','SFTang','DOTA2forever.@','18795888068',3,'2023050602144104983039617',NULL),(92,'潘兴会','潘兴会','pan881122@','13912640480',3,'2023021309493110713125317',NULL),(93,'张永安','Al自研约车','161616','15366208496',3,'2023021309540157530396575',NULL),(94,'姚广','红旗HS5','Yg520879','13021967289',3,'2023062800160411554015743',NULL),(95,'陈嘉嘉','chenjiajia','123456','18301038399',3,'2023021310243998280566343',NULL),(96,'李飞','harrylee','Aa123456','13320066394',3,'2023033002105592807541713',NULL),(97,'路兵','AI自研约车平台','12345678','13731768770',3,'2023021311174449321196361',NULL),(98,'缪凤祥','絷途','19940711m','13063878797',3,'2023021311214390074944998',NULL),(99,'张东','p1','123456','13706203644',3,'2023052923221505600031574',NULL),(100,'缪凤祥','挚达','19940711m','13063878797',3,'2023021323200966273967761',NULL),(101,'高振连','AI挚达测试','168688','15866918688',3,'2023062800573565380587443',NULL),(102,'王学强','A1自研约车','123456','15051416297',3,'2023062800104975124081449',NULL),(103,'管仕虎','Al挚达测试','123456','13955030746',3,'2023021401044508059615342',NULL),(104,'袁志宏','袁志宏','123456','15665785769',3,'2023062802495288253711722',NULL),(105,'吴雷','吴雷','wulei0098','15850650098',3,'2023062001131327778118411',NULL),(106,'刘学卿','lxq','123654','13795351841',3,'2023021401594477612865175',NULL),(107,'张孙培','zhangsunpei','abcd123$','15850794950',3,'2023061501315363953711629',NULL),(108,'李月晖','李月晖','abcd123$','17307092418',3,'2023050501503880726945182',NULL),(109,'武乾康','武乾康','wqk@zhito','18252035201',3,'2023041110013608601967643',NULL),(110,'陈明刚','A1研发约车','123456m','13655561098',3,'2023021405201682234095494',NULL),(111,'陈邓辉','cdh','123','18068194606',3,'2023021405233266205689611',NULL),(112,'夏博洋','夏博洋','ZTXby2023','13073381039',3,'2023021405260315470514351',NULL),(113,'曹欣','曹欣','abcd123$','13928459994',3,'2023021405280618987215494',NULL),(114,'曹鹏飞','曹鹏飞','19941214','18534912082',3,'2023060909185134033971797',NULL),(115,'杨巧','杨巧','wyw2bdyq','13584816399',3,'2023021405400771769757417',NULL),(116,'段小河','duanxiaohe','d1234567','17762721525',3,'2023051701194079020469664',NULL),(117,'周亿文','zhouyiwen','zhou123$','13914056204',3,'2023060102102342049077523',NULL),(118,'夏建明','xiajianming','12345','17751271737',3,'2023052601055112648931441',NULL),(119,'杜茂','dumao','DM123$','18202103110',3,'2023062605163748259149524',NULL),(120,'高东亮','高东亮','123456','13944902076',3,'2023062602353261205634952',NULL),(121,'缪凤祥','AI自研测试','123456','13063878797',3,'2023021408195366143827343',NULL),(122,'缪凤祥','挚达研发测试车','123456','13063878797',3,'2023062509340404351273789',NULL),(123,'陈明刚','挚达研发测试','123456','13655561098',3,'2023021700531135586982514',NULL),(124,'王潍','wangwei','abcd123$','19962179007',3,'2023040302524672174059895',NULL),(125,'于明','于明-系统开发部','19900412','15231272369',3,'2023021506180035578873727',NULL),(126,'于明','于明','12345678','15231272369',3,'2023042402094772735121644',NULL),(127,'史院平','shiyuanping','syp198510','15051631585',3,'2023061406154612551089762',NULL),(128,'刘清','liuqing','asdf123$','18180827731',3,'2023061900173822072692983',NULL),(129,'王鹏飞','wangpengfei','abcd123$','17673055199',3,'2023041701451658302995366',NULL),(130,'王隆钢','wanglonggang','1234@zhito','13635242760',3,'2023061200561284944696737',NULL),(131,'尹者东','AI部自研','123456','15262658679',3,'2023062700012127493389149',NULL),(132,'001','静态','123456','15212311230',2,NULL,NULL),(133,'张雪泽','张雪泽','0909','13044158866',3,'2023061901564561432672758',NULL),(134,'王缔罡','wangdigang','abcd123$','15821767479',3,'2023021702114261760619962',NULL),(135,'蒋苏洋','jiangsuyang','abcd123$','15895632357',3,'2023061601205704187482699',NULL),(136,'马万里','mawanli','mwl1993$','17600132186',3,'2023061905335701509938932',NULL),(137,'张浩宇','张浩宇','zhang123$','15810979502',3,'2023062702103557234635491',NULL),(138,'赵鹏程','zhaopengcheng','123456','18816237120',3,'2023062801215772996615773',NULL),(139,'胡正文','huzhengwen','abcd123@','15995711012',3,'2023062701355202150649224',NULL),(140,'刘文超','刘文超','123456','15692123993',3,'2023062508120263619564831',NULL),(141,'刘春秋','liuchunqiu','Kalny@680915','18625168309',3,'2023062801185580190214915',NULL),(142,'杨建松','杨建松','13451656968','13451656968',3,'2023062701234100549083111',NULL),(143,'薛渊','xueyuan','1qaz@wsx','15605197103',3,'2023041901263655321632415',NULL),(144,'王梓臣','alan','913500109','18052793798',3,'2023060601322332700067253',NULL),(145,'邱恒','邱恒','ztheng1000#','13518303428',3,'2023060909182615264228524',NULL),(146,'曹欣','caoxin','abcd123$','13928459994',3,'2023051601462322643911457',NULL),(147,'汪士强','wangshiqiang','abcd123$','13227719027',3,'2023030102215827582118333',NULL),(148,'潘壮','潘壮','abcd123$','15821874187',3,'2023041900512473758769541',NULL),(149,'董旭','董旭','abcd123$','18629428485',3,'2023060901114228419393347',NULL),(150,'赵恺','zhaokai','abcd123$','18362749118',3,'2023061600511861147653641',NULL),(151,'刘尧','刘尧','123123','15505168872',3,'2023041101221657294929551',NULL),(152,'袁野','袁野','123456','17519407072',3,'2023022707562614534764944',NULL),(153,'刘学卿','learning','123654','13795351841',3,'2023061500562159985666723',NULL),(154,'代爽','daishuang','hh533412','13661849554',3,'2023062801114745277442753',NULL),(155,'lixiuyuan','lixiuyuan','123456','17771489569',3,'2023061203043296668582826',NULL),(156,'袁野','yuanye','Yy260032~','17519407072',3,'2023030102121248629547316',NULL),(157,'张希玉','zhangxiyu','$321abcd','18930861132',3,'2023032801485225214775331',NULL),(158,'刘晓鹏','liuxiaopeng','abcd123$','18862165912',3,'2023061600181494583174698',NULL),(159,'崔会涛','cuihuitao','Huitao2636$','13705154454',3,'2023031501480455970021242',NULL),(160,'王瑞宁','王瑞宁','554955775','18626113856',3,'2023041105194400763296579',NULL),(161,'杨巧','yangqiao','abcd124$','13584816399',3,'2023051902085518455421242',NULL),(162,'王亮','wangliang1','1234$','18915422276',3,'2023032201141493704241784',NULL),(163,'李嘉乾','lijq','logoslx1','15850628384',3,'2023051801141391557621495',NULL),(164,'潘兴会','panxinghui','pxh881122@','13912640480',3,'2023032001253489368777795',NULL),(165,'刘岩鑫','刘岩鑫','abcd1234$','13756549821',3,'2023032002145921191926323',NULL),(166,'陶丽静','陶丽静','lyp82nlf','15850812970',3,'2023061601224203742575266',NULL),(167,'邹艺卓','邹艺卓','catch1124','19951271971',3,'2023032308131695181082287',NULL),(168,'徐超','xuchao','88709032XCsn','17327999717',3,'2023061301481995670044954',NULL),(169,'梁彬彬','liangbinbin','liangbinbin','18115175870',3,'2023033101074487281567627',NULL),(170,'吴宏升','wuhongsheng','zhito$88','15971187110',3,'2023061501531960286136654',NULL),(171,'杨福威','yangfuwei','yfw19920523001','18810575382',3,'2023061201183736694419748',NULL),(172,'崔家兴','cuijiaxing','abcd123$','15850250045',3,'2023042603094143321161916',NULL),(173,'系统开发部','孙琼琼','123456','18620335571',3,'2023051107274880429342421',NULL),(174,'李明星','limingxing','123','15250955337',3,'2023041708395249650574592',NULL),(175,'季佳慧','季佳慧2','jjhgyh38','17802581381',3,'2023062802223870393559195',NULL),(176,'徐传骆','徐传骆','zhito0420','17625802392',3,'2023061208390173985131787',NULL),(177,' 魏晓宇','weixiaoyu','womeiyoumima123','18700878217',3,'2023061303042045787731233',NULL),(178,'fanyiwu','fanyiwu','zhito123','18655916688',3,'2023062803123615048552364',NULL),(179,'师强','师强','abcd123$','18550484693',3,'2023062501260850291929131',NULL);
/*!40000 ALTER TABLE `user` ENABLE KEYS */;
UNLOCK TABLES;

--
-- Table structure for table `vehicle`
--

DROP TABLE IF EXISTS `vehicle`;
/*!40101 SET @saved_cs_client     = @@character_set_client */;
/*!50503 SET character_set_client = utf8mb4 */;
CREATE TABLE `vehicle` (
  `id` int NOT NULL AUTO_INCREMENT,
  `vehicleNo` varchar(100) NOT NULL,
  `project` varchar(100) NOT NULL COMMENT '所属项目',
  `place` varchar(100) DEFAULT NULL COMMENT '地点',
  `state` int NOT NULL DEFAULT '1' COMMENT '状态  0:不可用;1:可用',
  `createtime` datetime NOT NULL DEFAULT CURRENT_TIMESTAMP,
  `version` text COMMENT '版本信息',
  `timestamp` bigint DEFAULT NULL COMMENT '版本更新时间',
  `lon` float DEFAULT NULL COMMENT '经度',
  `lat` float DEFAULT NULL COMMENT '纬度',
  `desc` varchar(100) DEFAULT NULL COMMENT '描述',
  PRIMARY KEY (`id`)
) ENGINE=InnoDB AUTO_INCREMENT=84 DEFAULT CHARSET=utf8mb4 COLLATE=utf8mb4_0900_ai_ci;
/*!40101 SET character_set_client = @saved_cs_client */;

--
-- Dumping data for table `vehicle`
--

LOCK TABLES `vehicle` WRITE;
/*!40000 ALTER TABLE `vehicle` DISABLE KEYS */;
INSERT INTO `vehicle` VALUES (34,'J7A11','1','苏州',1,'2022-10-28 01:59:19',NULL,NULL,NULL,NULL,NULL),(35,'J7A05','1','苏州',1,'2022-10-28 02:00:02',NULL,NULL,NULL,NULL,NULL),(36,'J7A01','2','苏州',1,'2022-10-28 02:02:14',NULL,NULL,NULL,NULL,NULL),(37,'J7A02','2','苏州',1,'2022-10-28 02:02:14',NULL,NULL,NULL,NULL,NULL),(38,'J7A03','2','苏州',1,'2022-10-28 02:02:14','{}',1671418134863,120.69,31.4932,NULL),(39,'J7A04','2','苏州',1,'2022-10-28 02:02:14',NULL,NULL,NULL,NULL,NULL),(42,'J7A4','3','苏州',1,'2022-10-28 02:04:03','{\'soc_version\': \'GSL3-V3NA-v2.4.2.4-20230320-171812\', \'map_version\': \'gcj/mapdata_quanguo_20230228.tar.gz\', \'camera_models\': \'ai-camera-model/GSL3/2.4.2/20230307_113000/v3na/\', \'lidar_models\': \'ai-lidar-model/GSL3/v3na/20220920/\', \'switch\': \'0x0A010041 switch2_ver:0x0A020043 ZoneB\', \'rs_m1_producer\': \'v4.0.8.1\', \'CameraProducer\': \'v4.0.8.1\', \'aduhw_version\': \'[86, 52, 46, 48, 48, 46, 48, 48]\', \'adusw_version\': \'[51, 46, 48, 48, 46, 49, 50, 0]\', \'fl_radar_sw_version\': \'[67, 82, 53, 84, 80, 95, 90, 72, 73, 84, 79, 95, 66, 76, 48, 51, 95, 86, 48, 49, 32, 32, 32, 32, 32]\', \'fr_radar_sw_version\': \'[67, 82, 53, 84, 80, 95, 90, 72, 73, 84, 79, 95, 66, 76, 48, 51, 95, 86, 48, 49, 32, 32, 32, 32, 32]\', \'front_radar_sw_version\': \'[3, 0, 1, 5, 0, 0, 1, 1, 0, 2, 0, 0, 0, 0, 0, 0, 0, 0, 0, 0, 0]\', \'lidar_fw_version_pl\': \'[0, 48, 35, 9, 0]\', \'lidar_fw_version_ps\': \'[0, 48, 32, 162, 33]\', \'rl_radar_sw_version\': \'[2, 30, 4]\', \'rr_radar_sw_version\': \'[2, 30, 4]\', \'vin\': \'\', \'zic_data_protocol_version_fs\': \'0\', \'zic_data_protocol_version_ri\': \'0\', \'zic_data_protocol_version_tsr\': \'0\', \'zic_data_protolcol_version_obj\': \'0\', \'zic_data_protolcol_version_sync\': \'0\', \'zic_data_protolcol_version_tfl\': \'0\', \'zicsw_version\': \'[255, 255, 255, 255, 255, 255, 255, 255]\', \'zt_pdk_version\': \' v3.0.7\', \'processmgr_version\': \'v4.0.8.1\', \'rs_m1_producer_version\': \'v4.0.8.1\', \'camera_producer_version\': \'v4.0.8.1\', \'ai_sw_version\': \'GSL3-V3NA-v2.4.2.4-20230320-171812-j7a4\', \'aps_version\': \'V2.3.9_\', \'adu_mcu_sw_version\': \'ZT2102_CP_00_V03.00.12\'}',1683253850233,120.631,31.4251,NULL),(43,'J7A5','3','苏州',1,'2022-10-28 02:04:03','{\'soc_version\': \'GSL3-V3NA-v2.4.2.4-20230420-101952\', \'map_version\': \'gcj/mapdata_quanguo_20230228.tar.gz\', \'camera_models\': \'ai-camera-model/GSL3/2.4.2/20230307_113000/v3na/\', \'lidar_models\': \'ai-lidar-model/GSL3/v3na/20220920/\', \'switch\': \'0x0A010041 switch2_ver:0x0A020043 ZoneB\', \'rs_m1_producer\': \'v4.0.9.1\', \'CameraProducer\': \'v4.0.9.1\', \'aduhw_version\': \'[86, 52, 46, 48, 48, 46, 48, 48]\', \'adusw_version\': \'[51, 46, 48, 48, 46, 49, 53, 0]\', \'fl_radar_sw_version\': \'[255, 255, 255, 255, 255, 255, 255, 255, 255, 255, 255, 255, 255, 255, 255, 255, 255, 255, 255, 255, 255, 255, 255, 255, 255]\', \'fr_radar_sw_version\': \'[67, 82, 53, 84, 80, 95, 90, 72, 73, 84, 79, 95, 66, 76, 48, 49, 95, 86, 48, 57, 32, 32, 32, 32, 32]\', \'front_radar_sw_version\': \'[3, 0, 1, 5, 0, 0, 1, 1, 0, 2, 0, 0, 0, 0, 0, 0, 0, 0, 0, 0, 0]\', \'lidar_fw_version_pl\': \'[0, 48, 35, 9, 0]\', \'lidar_fw_version_ps\': \'[0, 48, 32, 163, 1]\', \'rl_radar_sw_version\': \'[2, 30, 4]\', \'rr_radar_sw_version\': \'[2, 30, 4]\', \'vin\': \'\', \'zic_data_protocol_version_fs\': \'144\', \'zic_data_protocol_version_ri\': \'144\', \'zic_data_protocol_version_tsr\': \'144\', \'zic_data_protolcol_version_obj\': \'144\', \'zic_data_protolcol_version_sync\': \'144\', \'zic_data_protolcol_version_tfl\': \'144\', \'zicsw_version\': \'[255, 255, 255, 255, 255, 255, 255, 255]\', \'zt_pdk_version\': \' v3.0.7\', \'processmgr_version\': \'v4.0.9.1\', \'rs_m1_producer_version\': \'v4.0.9.1\', \'camera_producer_version\': \'v4.0.9.1\', \'ai_sw_version\': \'GSL3-V3NA-v2.4.2.4-20230420-101952-j7a5\', \'aps_version\': \'V2.3.9_\', \'adu_mcu_sw_version\': \'ZT2102_CP_00_V03.00.15\'}',1685521959653,120.558,31.4619,NULL),(44,'J7A6','3','苏州',1,'2022-10-28 02:04:03','{\'soc_version\': \'GSL3-V3NA-v2.4.2.4-20230227-141056\', \'map_version\': \'gcj/mapdata_quanguo_20221205.tar.gz\', \'camera_models\': \'ai-camera-model/GSL3/2.4.2/20230217_143000/v3na/\', \'lidar_models\': \'ai-lidar-model/GSL3/v3na/20220920/\', \'switch\': \'0x0A010041 switch2_ver:0x0A020043 ZoneB\', \'rs_m1_producer\': \'v4.0.9\', \'CameraProducer\': \'v4.0.9\', \'aduhw_version\': \'[86, 52, 46, 48, 48, 46, 48, 48]\', \'adusw_version\': \'[51, 46, 48, 48, 46, 49, 52, 0]\', \'fl_radar_sw_version\': \'[67, 82, 53, 84, 80, 95, 90, 72, 73, 84, 79, 95, 66, 76, 48, 50, 95, 86, 48, 54, 32, 32, 32, 32, 32]\', \'fr_radar_sw_version\': \'[67, 82, 53, 84, 80, 95, 90, 72, 73, 84, 79, 95, 66, 76, 48, 50, 95, 86, 48, 54, 32, 32, 32, 32, 32]\', \'front_radar_sw_version\': \'[3, 0, 1, 5, 0, 0, 1, 1, 0, 2, 0, 0, 0, 0, 0, 0, 0, 0, 0, 0, 0]\', \'lidar_fw_version_pl\': \'[0, 48, 35, 9, 0]\', \'lidar_fw_version_ps\': \'[0, 48, 32, 163, 1]\', \'rl_radar_sw_version\': \'[2, 30, 4]\', \'rr_radar_sw_version\': \'[2, 30, 4]\', \'vin\': \'\', \'zic_data_protocol_version_fs\': \'144\', \'zic_data_protocol_version_ri\': \'144\', \'zic_data_protocol_version_tsr\': \'144\', \'zic_data_protolcol_version_obj\': \'144\', \'zic_data_protolcol_version_sync\': \'144\', \'zic_data_protolcol_version_tfl\': \'144\', \'zicsw_version\': \'[86, 50, 46, 48, 49, 46, 48, 48]\', \'zt_pdk_version\': \' v3.0.7\', \'processmgr_version\': \'v4.0.9\', \'rs_m1_producer_version\': \'v4.0.9\', \'camera_producer_version\': \'v4.0.9\', \'ai_sw_version\': \'GSL3-V3NA-v2.4.2.4-20230227-141056-j7a6\', \'aps_version\': \'V2.3.9\', \'adu_mcu_sw_version\': \'ZT2102_CP_00_V03.00.14\'}',1683618275473,120.562,31.4591,NULL),(52,'J6LB1','4','苏州',1,'2022-10-28 02:10:43',NULL,NULL,NULL,NULL,NULL),(53,'J6LB2','5','苏州',1,'2022-10-28 02:11:05',NULL,NULL,NULL,NULL,NULL),(54,'J6FA1','6','苏州',1,'2022-10-28 02:11:36',NULL,NULL,NULL,NULL,NULL),(56,'hs5','7','苏州',1,'2022-10-28 02:12:17',NULL,NULL,NULL,NULL,NULL),(57,'J6VA8','3','苏州',1,'2022-11-11 09:21:01',NULL,NULL,NULL,NULL,NULL),(58,'J6VA9','3','苏州',1,'2022-11-11 09:21:21','{\'soc_version\': \'GSL3-V3NA-v2.4.2.4-20230526-132042\', \'map_version\': \'[103, 99, 106, 47, 109, 97, 112, 100, 97, 116]\', \'camera_models\': \'ai-camera-model/GSL3/2.4.2/20230307_113000/v3na/\', \'lidar_models\': \'ai-lidar-model/GSL3/v3na/20220920/\', \'switch\': \'\', \'rs_m1_producer\': \'\', \'CameraProducer\': \'\', \'aduhw_version\': \'[86, 52, 46, 48, 48, 46, 48, 48]\', \'adusw_version\': \'[51, 46, 48, 48, 46, 49, 55, 0]\', \'fl_radar_sw_version\': \'[67, 82, 53, 84, 80, 95, 90, 72, 73, 84, 79, 95, 66, 76, 48, 53, 95, 86, 48, 50, 95, 83, 32, 32, 32]\', \'fr_radar_sw_version\': \'[67, 82, 53, 84, 80, 95, 90, 72, 73, 84, 79, 95, 66, 76, 48, 53, 95, 86, 48, 50, 95, 83, 32, 32, 32]\', \'front_radar_sw_version\': \'[3, 0, 1, 5, 0, 0, 1, 1, 0, 2, 0, 0, 0, 0, 0, 0, 0, 0, 0, 0, 0]\', \'lidar_fw_version_pl\': \'[0, 0, 0, 0, 0]\', \'lidar_fw_version_ps\': \'[0, 0, 0, 0, 0]\', \'rl_radar_sw_version\': \'[2, 30, 4]\', \'rr_radar_sw_version\': \'[2, 30, 4]\', \'vin\': \'[0, 0, 0, 0, 0, 0, 0, 0, 0, 0, 0, 0, 0, 0, 0, 0, 0]\', \'zic_data_protocol_version_fs\': \'144\', \'zic_data_protocol_version_ri\': \'144\', \'zic_data_protocol_version_tsr\': \'144\', \'zic_data_protolcol_version_obj\': \'144\', \'zic_data_protolcol_version_sync\': \'144\', \'zic_data_protolcol_version_tfl\': \'144\', \'zicsw_version\': \'[86, 50, 46, 48, 50, 46, 48, 48]\', \'zt_pdk_version\': \'[118, 52, 46, 48, 46, 48]\', \'processmgr_version\': \'[78, 65, 0, 0, 0, 0]\', \'rs_m1_producer_version\': \'[78, 65, 0, 0, 0, 0]\', \'camera_producer_version\': \'[78, 65, 0, 0, 0, 0]\', \'ai_sw_version\': \'[71, 83, 76, 51, 45, 86, 51, 78, 65, 45, 118, 50, 46, 52, 46, 50, 46, 52, 45, 50, 48, 50, 51, 48, 53, 50, 54, 45]\', \'aps_version\': \'[86, 50, 46, 52, 46, 51]\', \'adu_mcu_sw_version\': \'[78, 65, 0, 0, 0, 0, 0, 0, 0, 0, 0, 0, 0, 0, 0, 0, 0, 0, 0, 0, 0, 0]\', \'ota_hw_version\': \'[86, 1, 46, 0]\'}',1687935635023,120.646,31.4368,NULL),(59,'J7A7','3','苏州',1,'2022-11-11 09:22:20',NULL,NULL,NULL,NULL,NULL),(60,'J6VB2','8','长春',1,'2022-11-11 09:33:02','{\'soc_version\': \'GSL3-V3NA-v2.4.2.4-20230601-181904\', \'map_version\': \'[103, 99, 106, 47, 109, 97, 112, 100, 97, 116]\', \'camera_models\': \'ai-camera-model/GSL3/2.4.2/20230307_113000/v3na/\', \'lidar_models\': \'ai-lidar-model/GSL3/v3na/20220920/\', \'switch\': \'\', \'rs_m1_producer\': \'\', \'CameraProducer\': \'\', \'aduhw_version\': \'[86, 52, 46, 48, 48, 46, 48, 48]\', \'adusw_version\': \'[51, 46, 48, 48, 46, 49, 55, 0]\', \'fl_radar_sw_version\': \'[67, 82, 53, 84, 80, 95, 90, 72, 73, 84, 79, 95, 66, 76, 48, 53, 95, 86, 48, 56, 95, 83, 32, 32, 32]\', \'fr_radar_sw_version\': \'[67, 82, 53, 84, 80, 95, 90, 72, 73, 84, 79, 95, 66, 76, 48, 53, 95, 86, 48, 56, 95, 83, 32, 32, 32]\', \'front_radar_sw_version\': \'[3, 0, 1, 5, 0, 0, 1, 1, 0, 2, 0, 0, 0, 0, 0, 0, 0, 0, 0, 0, 0]\', \'lidar_fw_version_pl\': \'[0, 0, 0, 0, 0]\', \'lidar_fw_version_ps\': \'[0, 0, 0, 0, 0]\', \'rl_radar_sw_version\': \'[2, 30, 4]\', \'rr_radar_sw_version\': \'[2, 30, 4]\', \'vin\': \'[0, 0, 0, 0, 0, 0, 0, 0, 0, 0, 0, 0, 0, 0, 0, 0, 0]\', \'zic_data_protocol_version_fs\': \'144\', \'zic_data_protocol_version_ri\': \'144\', \'zic_data_protocol_version_tsr\': \'144\', \'zic_data_protolcol_version_obj\': \'144\', \'zic_data_protolcol_version_sync\': \'144\', \'zic_data_protolcol_version_tfl\': \'144\', \'zicsw_version\': \'[86, 50, 46, 48, 50, 46, 48, 49]\', \'zt_pdk_version\': \'[118, 52, 46, 48, 46, 48]\', \'processmgr_version\': \'[78, 65, 0, 0, 0, 0]\', \'rs_m1_producer_version\': \'[78, 65, 0, 0, 0, 0]\', \'camera_producer_version\': \'[78, 65, 0, 0, 0, 0]\', \'ai_sw_version\': \'[71, 83, 76, 51, 45, 86, 51, 78, 65, 45, 118, 50, 46, 52, 46, 50, 46, 52, 45, 50, 48, 50, 51, 48, 53, 50, 54, 45]\', \'aps_version\': \'[86, 50, 46, 52, 46, 51]\', \'adu_mcu_sw_version\': \'[78, 65, 0, 0, 0, 0, 0, 0, 0, 0, 0, 0, 0, 0, 0, 0, 0, 0, 0, 0, 0, 0]\', \'ota_hw_version\': \'[86, 1, 46, 0]\'}',1687935634654,120.901,29.4802,NULL),(61,'J6VB3','8','苏州',1,'2022-11-11 09:33:24',NULL,NULL,NULL,NULL,NULL),(62,'J6VB4','8','长春',0,'2022-11-11 09:33:43','{\'soc_version\': \'GSL3-V3NA-v2.4.2.4-20230601-181904\', \'map_version\': \'[103, 99, 106, 47, 109, 97, 112, 100, 97, 116]\', \'camera_models\': \'ai-camera-model/GSL3/2.4.2/20230307_113000/v3na/\', \'lidar_models\': \'ai-lidar-model/GSL3/v3na/20220920/\', \'switch\': \'\', \'rs_m1_producer\': \'\', \'CameraProducer\': \'\', \'aduhw_version\': \'[86, 52, 46, 48, 48, 46, 48, 48]\', \'adusw_version\': \'[88, 46, 88, 88, 46, 88, 88, 0]\', \'fl_radar_sw_version\': \'[255, 255, 255, 255, 255, 255, 255, 255, 255, 255, 255, 255, 255, 255, 255, 255, 255, 255, 255, 255, 255, 255, 255, 255, 255]\', \'fr_radar_sw_version\': \'[255, 255, 255, 255, 255, 255, 255, 255, 255, 255, 255, 255, 255, 255, 255, 255, 255, 255, 255, 255, 255, 255, 255, 255, 255]\', \'front_radar_sw_version\': \'[255, 255, 255, 255, 255, 255, 255, 255, 255, 255, 255, 255, 255, 255, 255, 255, 255, 255, 255, 255, 255]\', \'lidar_fw_version_pl\': \'[0, 0, 0, 0, 0]\', \'lidar_fw_version_ps\': \'[0, 0, 0, 0, 0]\', \'rl_radar_sw_version\': \'[2, 30, 4]\', \'rr_radar_sw_version\': \'[2, 30, 4]\', \'vin\': \'[0, 0, 0, 0, 0, 0, 0, 0, 0, 0, 0, 0, 0, 0, 0, 0, 0]\', \'zic_data_protocol_version_fs\': \'144\', \'zic_data_protocol_version_ri\': \'144\', \'zic_data_protocol_version_tsr\': \'144\', \'zic_data_protolcol_version_obj\': \'144\', \'zic_data_protolcol_version_sync\': \'144\', \'zic_data_protolcol_version_tfl\': \'144\', \'zicsw_version\': \'[255, 255, 255, 255, 255, 255, 255, 255]\', \'zt_pdk_version\': \'[118, 52, 46, 48, 46, 48]\', \'processmgr_version\': \'[78, 65, 0, 0, 0, 0]\', \'rs_m1_producer_version\': \'[78, 65, 0, 0, 0, 0]\', \'camera_producer_version\': \'[78, 65, 0, 0, 0, 0]\', \'ai_sw_version\': \'[71, 83, 76, 51, 45, 86, 51, 78, 65, 45, 118, 50, 46, 52, 46, 50, 46, 52, 45, 50, 48, 50, 51, 48, 53, 50, 54, 45]\', \'aps_version\': \'[86, 50, 46, 52, 46, 51]\', \'adu_mcu_sw_version\': \'[78, 65, 0, 0, 0, 0, 0, 0, 0, 0, 0, 0, 0, 0, 0, 0, 0, 0, 0, 0, 0, 0]\', \'ota_hw_version\': \'[86, 1, 46, 0]\'}',1686826479134,120.638,31.4405,NULL),(63,'J6VB5','8','苏州',1,'2022-11-11 09:33:59','{\'soc_version\': \'GSL3-V3NA-v2.4.2.4-20230601-181904\', \'map_version\': \'[103, 99, 106, 47, 109, 97, 112, 100, 97, 116]\', \'camera_models\': \'ai-camera-model/GSL3/2.4.2/20230307_113000/v3na/\', \'lidar_models\': \'ai-lidar-model/GSL3/v3na/20220920/\', \'switch\': \'\', \'rs_m1_producer\': \'\', \'CameraProducer\': \'\', \'aduhw_version\': \'[86, 52, 46, 48, 48, 46, 48, 48]\', \'adusw_version\': \'[51, 46, 48, 48, 46, 49, 54, 0]\', \'fl_radar_sw_version\': \'[67, 82, 53, 84, 80, 95, 90, 72, 73, 84, 79, 95, 66, 76, 48, 53, 95, 86, 48, 56, 95, 83, 32, 32, 32]\', \'fr_radar_sw_version\': \'[67, 82, 53, 84, 80, 95, 90, 72, 73, 84, 79, 95, 66, 76, 48, 50, 95, 86, 48, 54, 32, 32, 32, 32, 32]\', \'front_radar_sw_version\': \'[3, 0, 1, 5, 0, 0, 1, 1, 0, 2, 0, 0, 0, 0, 0, 0, 0, 0, 0, 0, 0]\', \'lidar_fw_version_pl\': \'[0, 0, 0, 0, 0]\', \'lidar_fw_version_ps\': \'[0, 0, 0, 0, 0]\', \'rl_radar_sw_version\': \'[2, 30, 4]\', \'rr_radar_sw_version\': \'[2, 30, 4]\', \'vin\': \'[0, 0, 0, 0, 0, 0, 0, 0, 0, 0, 0, 0, 0, 0, 0, 0, 0]\', \'zic_data_protocol_version_fs\': \'144\', \'zic_data_protocol_version_ri\': \'144\', \'zic_data_protocol_version_tsr\': \'144\', \'zic_data_protolcol_version_obj\': \'144\', \'zic_data_protolcol_version_sync\': \'144\', \'zic_data_protolcol_version_tfl\': \'144\', \'zicsw_version\': \'[84, 50, 46, 48, 50, 46, 48, 50]\', \'zt_pdk_version\': \'[118, 52, 46, 48, 46, 48]\', \'processmgr_version\': \'[78, 65, 0, 0, 0, 0]\', \'rs_m1_producer_version\': \'[78, 65, 0, 0, 0, 0]\', \'camera_producer_version\': \'[78, 65, 0, 0, 0, 0]\', \'ai_sw_version\': \'[71, 83, 76, 51, 45, 86, 51, 78, 65, 45, 118, 50, 46, 52, 46, 50, 46, 52, 45, 50, 48, 50, 51, 48, 54, 48, 49, 45]\', \'aps_version\': \'[86, 50, 46, 52, 46, 51]\', \'adu_mcu_sw_version\': \'[78, 65, 0, 0, 0, 0, 0, 0, 0, 0, 0, 0, 0, 0, 0, 0, 0, 0, 0, 0, 0, 0]\', \'ota_hw_version\': \'[86, 1, 46, 0]\'}',1687317145334,124.996,43.8641,NULL),(64,'J6VB1','3','苏州',1,'2022-11-11 09:34:13','{\'soc_version\': \'GSL3-V3NA-v2.4.2.4-20230601-181904\', \'map_version\': \'[103, 99, 106, 47, 109, 97, 112, 100, 97, 116]\', \'camera_models\': \'ai-camera-model/GSL3/2.4.2/20230307_113000/v3na/\', \'lidar_models\': \'ai-lidar-model/GSL3/v3na/20220920/\', \'switch\': \'\', \'rs_m1_producer\': \'\', \'CameraProducer\': \'\', \'aduhw_version\': \'[86, 52, 46, 48, 48, 46, 48, 48]\', \'adusw_version\': \'[51, 46, 48, 48, 46, 49, 54, 0]\', \'fl_radar_sw_version\': \'[67, 82, 53, 84, 80, 95, 90, 72, 73, 84, 79, 95, 66, 76, 48, 53, 95, 86, 48, 56, 95, 83, 32, 32, 32]\', \'fr_radar_sw_version\': \'[67, 82, 53, 84, 80, 95, 90, 72, 73, 84, 79, 95, 66, 76, 48, 53, 95, 86, 48, 56, 95, 83, 32, 32, 32]\', \'front_radar_sw_version\': \'[3, 0, 1, 5, 0, 0, 1, 1, 0, 2, 0, 0, 0, 0, 0, 0, 0, 0, 0, 0, 0]\', \'lidar_fw_version_pl\': \'[0, 0, 0, 0, 0]\', \'lidar_fw_version_ps\': \'[0, 0, 0, 0, 0]\', \'rl_radar_sw_version\': \'[2, 30, 4]\', \'rr_radar_sw_version\': \'[2, 30, 4]\', \'vin\': \'[0, 0, 0, 0, 0, 0, 0, 0, 0, 0, 0, 0, 0, 0, 0, 0, 0]\', \'zic_data_protocol_version_fs\': \'144\', \'zic_data_protocol_version_ri\': \'144\', \'zic_data_protocol_version_tsr\': \'144\', \'zic_data_protolcol_version_obj\': \'144\', \'zic_data_protolcol_version_sync\': \'144\', \'zic_data_protolcol_version_tfl\': \'144\', \'zicsw_version\': \'[84, 50, 46, 48, 50, 46, 48, 50]\', \'zt_pdk_version\': \'[118, 52, 46, 48, 46, 48]\', \'processmgr_version\': \'[78, 65, 0, 0, 0, 0]\', \'rs_m1_producer_version\': \'[78, 65, 0, 0, 0, 0]\', \'camera_producer_version\': \'[78, 65, 0, 0, 0, 0]\', \'ai_sw_version\': \'[71, 83, 76, 51, 45, 86, 51, 78, 65, 45, 118, 50, 46, 52, 46, 50, 46, 52, 45, 50, 48, 50, 51, 48, 53, 50, 52, 45]\', \'aps_version\': \'[86, 50, 46, 52, 46, 51]\', \'adu_mcu_sw_version\': \'[78, 65, 0, 0, 0, 0, 0, 0, 0, 0, 0, 0, 0, 0, 0, 0, 0, 0, 0, 0, 0, 0]\', \'ota_hw_version\': \'[86, 1, 46, 0]\'}',1687931066504,116.455,27.0218,NULL),(65,'J6VB2','3','苏州',1,'2022-11-11 09:34:30','{\'soc_version\': \'GSL3-V3NA-v2.4.2.4-20230601-181904\', \'map_version\': \'[103, 99, 106, 47, 109, 97, 112, 100, 97, 116]\', \'camera_models\': \'ai-camera-model/GSL3/2.4.2/20230307_113000/v3na/\', \'lidar_models\': \'ai-lidar-model/GSL3/v3na/20220920/\', \'switch\': \'\', \'rs_m1_producer\': \'\', \'CameraProducer\': \'\', \'aduhw_version\': \'[86, 52, 46, 48, 48, 46, 48, 48]\', \'adusw_version\': \'[51, 46, 48, 48, 46, 49, 55, 0]\', \'fl_radar_sw_version\': \'[67, 82, 53, 84, 80, 95, 90, 72, 73, 84, 79, 95, 66, 76, 48, 53, 95, 86, 48, 56, 95, 83, 32, 32, 32]\', \'fr_radar_sw_version\': \'[67, 82, 53, 84, 80, 95, 90, 72, 73, 84, 79, 95, 66, 76, 48, 53, 95, 86, 48, 56, 95, 83, 32, 32, 32]\', \'front_radar_sw_version\': \'[3, 0, 1, 5, 0, 0, 1, 1, 0, 2, 0, 0, 0, 0, 0, 0, 0, 0, 0, 0, 0]\', \'lidar_fw_version_pl\': \'[0, 0, 0, 0, 0]\', \'lidar_fw_version_ps\': \'[0, 0, 0, 0, 0]\', \'rl_radar_sw_version\': \'[2, 30, 4]\', \'rr_radar_sw_version\': \'[2, 30, 4]\', \'vin\': \'[0, 0, 0, 0, 0, 0, 0, 0, 0, 0, 0, 0, 0, 0, 0, 0, 0]\', \'zic_data_protocol_version_fs\': \'144\', \'zic_data_protocol_version_ri\': \'144\', \'zic_data_protocol_version_tsr\': \'144\', \'zic_data_protolcol_version_obj\': \'144\', \'zic_data_protolcol_version_sync\': \'144\', \'zic_data_protolcol_version_tfl\': \'144\', \'zicsw_version\': \'[86, 50, 46, 48, 50, 46, 48, 49]\', \'zt_pdk_version\': \'[118, 52, 46, 48, 46, 48]\', \'processmgr_version\': \'[78, 65, 0, 0, 0, 0]\', \'rs_m1_producer_version\': \'[78, 65, 0, 0, 0, 0]\', \'camera_producer_version\': \'[78, 65, 0, 0, 0, 0]\', \'ai_sw_version\': \'[71, 83, 76, 51, 45, 86, 51, 78, 65, 45, 118, 50, 46, 52, 46, 50, 46, 52, 45, 50, 48, 50, 51, 48, 53, 50, 54, 45]\', \'aps_version\': \'[86, 50, 46, 52, 46, 51]\', \'adu_mcu_sw_version\': \'[78, 65, 0, 0, 0, 0, 0, 0, 0, 0, 0, 0, 0, 0, 0, 0, 0, 0, 0, 0, 0, 0]\', \'ota_hw_version\': \'[86, 1, 46, 0]\'}',1687935634654,120.901,29.4802,NULL),(66,'J6VB3','3','苏州',1,'2022-11-11 09:34:43',NULL,NULL,NULL,NULL,NULL),(67,'J6VB4','3','苏州',1,'2022-11-11 09:34:59','{\'soc_version\': \'GSL3-V3NA-v2.4.2.4-20230601-181904\', \'map_version\': \'[103, 99, 106, 47, 109, 97, 112, 100, 97, 116]\', \'camera_models\': \'ai-camera-model/GSL3/2.4.2/20230307_113000/v3na/\', \'lidar_models\': \'ai-lidar-model/GSL3/v3na/20220920/\', \'switch\': \'\', \'rs_m1_producer\': \'\', \'CameraProducer\': \'\', \'aduhw_version\': \'[86, 52, 46, 48, 48, 46, 48, 48]\', \'adusw_version\': \'[88, 46, 88, 88, 46, 88, 88, 0]\', \'fl_radar_sw_version\': \'[255, 255, 255, 255, 255, 255, 255, 255, 255, 255, 255, 255, 255, 255, 255, 255, 255, 255, 255, 255, 255, 255, 255, 255, 255]\', \'fr_radar_sw_version\': \'[255, 255, 255, 255, 255, 255, 255, 255, 255, 255, 255, 255, 255, 255, 255, 255, 255, 255, 255, 255, 255, 255, 255, 255, 255]\', \'front_radar_sw_version\': \'[255, 255, 255, 255, 255, 255, 255, 255, 255, 255, 255, 255, 255, 255, 255, 255, 255, 255, 255, 255, 255]\', \'lidar_fw_version_pl\': \'[0, 0, 0, 0, 0]\', \'lidar_fw_version_ps\': \'[0, 0, 0, 0, 0]\', \'rl_radar_sw_version\': \'[2, 30, 4]\', \'rr_radar_sw_version\': \'[2, 30, 4]\', \'vin\': \'[0, 0, 0, 0, 0, 0, 0, 0, 0, 0, 0, 0, 0, 0, 0, 0, 0]\', \'zic_data_protocol_version_fs\': \'144\', \'zic_data_protocol_version_ri\': \'144\', \'zic_data_protocol_version_tsr\': \'144\', \'zic_data_protolcol_version_obj\': \'144\', \'zic_data_protolcol_version_sync\': \'144\', \'zic_data_protolcol_version_tfl\': \'144\', \'zicsw_version\': \'[255, 255, 255, 255, 255, 255, 255, 255]\', \'zt_pdk_version\': \'[118, 52, 46, 48, 46, 48]\', \'processmgr_version\': \'[78, 65, 0, 0, 0, 0]\', \'rs_m1_producer_version\': \'[78, 65, 0, 0, 0, 0]\', \'camera_producer_version\': \'[78, 65, 0, 0, 0, 0]\', \'ai_sw_version\': \'[71, 83, 76, 51, 45, 86, 51, 78, 65, 45, 118, 50, 46, 52, 46, 50, 46, 52, 45, 50, 48, 50, 51, 48, 53, 50, 54, 45]\', \'aps_version\': \'[86, 50, 46, 52, 46, 51]\', \'adu_mcu_sw_version\': \'[78, 65, 0, 0, 0, 0, 0, 0, 0, 0, 0, 0, 0, 0, 0, 0, 0, 0, 0, 0, 0, 0]\', \'ota_hw_version\': \'[86, 1, 46, 0]\'}',1686826479134,120.638,31.4405,NULL),(68,'1241','8','苏州',0,'2022-11-11 09:35:42',NULL,NULL,NULL,NULL,NULL),(70,'J6VB5','3','苏州',1,'2022-11-11 09:36:25','{\'soc_version\': \'GSL3-V3NA-v2.4.2.4-20230601-181904\', \'map_version\': \'[103, 99, 106, 47, 109, 97, 112, 100, 97, 116]\', \'camera_models\': \'ai-camera-model/GSL3/2.4.2/20230307_113000/v3na/\', \'lidar_models\': \'ai-lidar-model/GSL3/v3na/20220920/\', \'switch\': \'\', \'rs_m1_producer\': \'\', \'CameraProducer\': \'\', \'aduhw_version\': \'[86, 52, 46, 48, 48, 46, 48, 48]\', \'adusw_version\': \'[51, 46, 48, 48, 46, 49, 54, 0]\', \'fl_radar_sw_version\': \'[67, 82, 53, 84, 80, 95, 90, 72, 73, 84, 79, 95, 66, 76, 48, 53, 95, 86, 48, 56, 95, 83, 32, 32, 32]\', \'fr_radar_sw_version\': \'[67, 82, 53, 84, 80, 95, 90, 72, 73, 84, 79, 95, 66, 76, 48, 50, 95, 86, 48, 54, 32, 32, 32, 32, 32]\', \'front_radar_sw_version\': \'[3, 0, 1, 5, 0, 0, 1, 1, 0, 2, 0, 0, 0, 0, 0, 0, 0, 0, 0, 0, 0]\', \'lidar_fw_version_pl\': \'[0, 0, 0, 0, 0]\', \'lidar_fw_version_ps\': \'[0, 0, 0, 0, 0]\', \'rl_radar_sw_version\': \'[2, 30, 4]\', \'rr_radar_sw_version\': \'[2, 30, 4]\', \'vin\': \'[0, 0, 0, 0, 0, 0, 0, 0, 0, 0, 0, 0, 0, 0, 0, 0, 0]\', \'zic_data_protocol_version_fs\': \'144\', \'zic_data_protocol_version_ri\': \'144\', \'zic_data_protocol_version_tsr\': \'144\', \'zic_data_protolcol_version_obj\': \'144\', \'zic_data_protolcol_version_sync\': \'144\', \'zic_data_protolcol_version_tfl\': \'144\', \'zicsw_version\': \'[84, 50, 46, 48, 50, 46, 48, 50]\', \'zt_pdk_version\': \'[118, 52, 46, 48, 46, 48]\', \'processmgr_version\': \'[78, 65, 0, 0, 0, 0]\', \'rs_m1_producer_version\': \'[78, 65, 0, 0, 0, 0]\', \'camera_producer_version\': \'[78, 65, 0, 0, 0, 0]\', \'ai_sw_version\': \'[71, 83, 76, 51, 45, 86, 51, 78, 65, 45, 118, 50, 46, 52, 46, 50, 46, 52, 45, 50, 48, 50, 51, 48, 54, 48, 49, 45]\', \'aps_version\': \'[86, 50, 46, 52, 46, 51]\', \'adu_mcu_sw_version\': \'[78, 65, 0, 0, 0, 0, 0, 0, 0, 0, 0, 0, 0, 0, 0, 0, 0, 0, 0, 0, 0, 0]\', \'ota_hw_version\': \'[86, 1, 46, 0]\'}',1687317145334,124.996,43.8641,NULL),(71,'P1','3','苏州',1,'2023-02-14 09:13:16',NULL,NULL,NULL,NULL,NULL),(72,'P2','3','苏州',1,'2023-02-14 09:13:28',NULL,NULL,NULL,NULL,NULL),(73,'J6V A2','8','苏州',1,'2023-02-17 05:41:09',NULL,NULL,NULL,NULL,NULL),(77,'J6V D1','8','苏州',1,'2023-03-06 03:18:55',NULL,NULL,NULL,NULL,NULL),(78,'双预警 A1','8','苏州',1,'2023-03-07 04:01:48',NULL,NULL,NULL,NULL,NULL),(79,'J6V D2','8','苏州',1,'2023-03-09 01:33:39',NULL,NULL,NULL,NULL,NULL),(80,'J6V D3','8','苏州',1,'2023-03-09 01:34:02',NULL,NULL,NULL,NULL,NULL),(82,'C1','3','苏州',1,'2023-03-27 01:32:21',NULL,NULL,NULL,NULL,NULL),(83,'C2','3','苏州',1,'2023-03-27 01:32:34',NULL,NULL,NULL,NULL,NULL);
/*!40000 ALTER TABLE `vehicle` ENABLE KEYS */;
UNLOCK TABLES;

--
-- Table structure for table `version_car_camera`
--

DROP TABLE IF EXISTS `version_car_camera`;
/*!40101 SET @saved_cs_client     = @@character_set_client */;
/*!50503 SET character_set_client = utf8mb4 */;
CREATE TABLE `version_car_camera` (
  `id` int NOT NULL AUTO_INCREMENT,
  `carId` varchar(100) CHARACTER SET utf8mb4 COLLATE utf8mb4_general_ci NOT NULL,
  `timestamp` bigint NOT NULL,
  `data` mediumblob,
  PRIMARY KEY (`id`)
) ENGINE=InnoDB DEFAULT CHARSET=utf8mb4 COLLATE=utf8mb4_general_ci;
/*!40101 SET character_set_client = @saved_cs_client */;

--
-- Dumping data for table `version_car_camera`
--

LOCK TABLES `version_car_camera` WRITE;
/*!40000 ALTER TABLE `version_car_camera` DISABLE KEYS */;
/*!40000 ALTER TABLE `version_car_camera` ENABLE KEYS */;
UNLOCK TABLES;

--
-- Table structure for table `version_car_info`
--

DROP TABLE IF EXISTS `version_car_info`;
/*!40101 SET @saved_cs_client     = @@character_set_client */;
/*!50503 SET character_set_client = utf8mb4 */;
CREATE TABLE `version_car_info` (
  `id` int NOT NULL AUTO_INCREMENT,
  `carId` varchar(100) CHARACTER SET utf8mb4 COLLATE utf8mb4_general_ci NOT NULL,
  `version` text CHARACTER SET utf8mb4 COLLATE utf8mb4_general_ci NOT NULL COMMENT '版本信息',
  `timestamp` bigint NOT NULL COMMENT '版本更新时间',
  `lon` float NOT NULL COMMENT '经度',
  `lat` float NOT NULL COMMENT '纬度',
  `desc` varchar(100) CHARACTER SET utf8mb4 COLLATE utf8mb4_general_ci DEFAULT NULL COMMENT '描述',
  PRIMARY KEY (`id`)
) ENGINE=InnoDB DEFAULT CHARSET=utf8mb4 COLLATE=utf8mb4_general_ci;
/*!40101 SET character_set_client = @saved_cs_client */;

--
-- Dumping data for table `version_car_info`
--

LOCK TABLES `version_car_info` WRITE;
/*!40000 ALTER TABLE `version_car_info` DISABLE KEYS */;
/*!40000 ALTER TABLE `version_car_info` ENABLE KEYS */;
UNLOCK TABLES;

--
-- Dumping routines for database 'vehicle'
--
/*!40103 SET TIME_ZONE=@OLD_TIME_ZONE */;

/*!40101 SET SQL_MODE=@OLD_SQL_MODE */;
/*!40014 SET FOREIGN_KEY_CHECKS=@OLD_FOREIGN_KEY_CHECKS */;
/*!40014 SET UNIQUE_CHECKS=@OLD_UNIQUE_CHECKS */;
/*!40101 SET CHARACTER_SET_CLIENT=@OLD_CHARACTER_SET_CLIENT */;
/*!40101 SET CHARACTER_SET_RESULTS=@OLD_CHARACTER_SET_RESULTS */;
/*!40101 SET COLLATION_CONNECTION=@OLD_COLLATION_CONNECTION */;
/*!40111 SET SQL_NOTES=@OLD_SQL_NOTES */;

-- Dump completed on 2023-06-30 18:14:01
